,Unnamed: 0.1,Unnamed: 0,PMID,Name,Quantitative measurement,Qualitative Measurement,Starting Position,Ending Position,Source Molecule,Source Molecule IRI,PDB ID,Response measured,Units,HLA,Unnamed: 14,Unnamed: 15,Unnamed: 16,Unnamed: 17,Unnamed: 18,token_list
0,108,18.0,19342659,VLHDDLCEA + SCM(C7),44.0,Positive,,,,,,half maximal inhibitory concentration (IC50),nM,HLA-A*02:01,,,,c7 = L (SCM_C = L),,"['V', 'L', 'H', 'D', 'D', 'L', 'SCM_C', 'E', 'A']"
1,109,20.0,19342659,VLFDDLCEA + SCM(C7),15.0,Positive,,,,,,half maximal inhibitory concentration (IC50),nM,HLA-A*02:01,,,,c7= L(SCM = L),,"['V', 'L', 'F', 'D', 'D', 'L', 'SCM_C', 'E', 'A']"
2,110,22.0,19342659,VLRDDLCEA + CITR(R3),44.0,Positive,,,,,,half maximal inhibitory concentration (IC50),nM,HLA-A*02:01,,,,c3 = citrulline,C(CC(C(=O)O)N)CNC(=O)N,"['V', 'L', 'CITR_R', 'D', 'D', 'L', 'C', 'E', 'A']"
3,111,46.0,9075928,FIDSYICQV + CYSTL(C7),75.0,Positive,311.0,319.0,SMCY,http://www.ncbi.nlm.nih.gov/protein/AAC50806.1,,half maximal inhibitory concentration (IC50),nM,HLA-A*02:01,,,,CYSTL_C = cysteine = C,,"['F', 'I', 'D', 'S', 'Y', 'I', 'CYSTL_C', 'Q', 'V']"
4,112,65.0,18836451,RQASLSISV + PHOS(S4),38.5,Positive,526.0,534.0,protein kinase D2 isoform A,http://www.ncbi.nlm.nih.gov/protein/NP_057541.2,,half maximal inhibitory concentration (IC50),nM,HLA-A*02:01,,,,phos_s = PHOSPHOSERINE,,"['R', 'Q', 'A', 'PHOS_S', 'L', 'S', 'I', 'S', 'V']"
5,113,66.0,18836451,RTYSGPMNKV + PHOS(S4),116.9,Positive,53.0,62.0,"premature ovarian failure, 1B",http://www.ncbi.nlm.nih.gov/protein/NP_079197.3,,half maximal inhibitory concentration (IC50),nM,HLA-A*02:01,,,,,,"['R', 'T', 'Y', 'PHOS_S', 'G', 'P', 'M', 'N', 'K', 'V']"
6,114,69.0,18836451,YLDSGIHSGA + PHOS(S4),145.7,Positive,30.0,39.0,Catenin beta-1,https://www.uniprot.org/uniprot/P35222.1,,half maximal inhibitory concentration (IC50),nM,HLA-A*02:01,,,,,,"['Y', 'L', 'D', 'PHOS_S', 'G', 'I', 'H', 'S', 'G', 'A']"
7,115,70.0,18836451,SLQPRSHSV + PHOS(S8),180.5,Positive,448.0,456.0,Pleckstrin homology domain-containing family A member 6,https://www.uniprot.org/uniprot/Q9Y2H5.4,,half maximal inhibitory concentration (IC50),nM,HLA-A*02:01,,,,,,"['S', 'L', 'Q', 'P', 'R', 'S', 'H', 'PHOS_S', 'V']"
8,116,71.0,18836451,GLLGSPVRA + PHOS(S5),168.7,Positive,38.0,46.0,M-phase inducer phosphatase 2,https://www.uniprot.org/uniprot/P30305.2,,half maximal inhibitory concentration (IC50),nM,HLA-A*02:01,,,,,,"['G', 'L', 'L', 'G', 'PHOS_S', 'P', 'V', 'R', 'A']"
9,117,72.0,18836451,KLIDRTESL + PHOS(S8),62.4,Positive,197.0,205.0,lymphocyte-specific protein 1,http://www.ncbi.nlm.nih.gov/protein/AAH01785.1,,half maximal inhibitory concentration (IC50),nM,HLA-A*02:01,,,,,,"['K', 'L', 'I', 'D', 'R', 'T', 'E', 'PHOS_S', 'L']"
10,118,73.0,18836451,RLDSYVRSL + PHOS(S4),44.6,Positive,129.0,137.0,Trafficking protein particle complex subunit 1,https://www.uniprot.org/uniprot/Q9Y5R8.1,,half maximal inhibitory concentration (IC50),nM,HLA-A*02:01,,,,,,"['R', 'L', 'D', 'PHOS_S', 'Y', 'V', 'R', 'S', 'L']"
11,119,74.0,18836451,RVASPTSGV + PHOS(S4),178.5,Positive,1097.0,1105.0,Insulin receptor substrate 2,https://www.uniprot.org/uniprot/Q9Y4H2.2,,half maximal inhibitory concentration (IC50),nM,HLA-A*02:01,,,,,,"['R', 'V', 'A', 'PHOS_S', 'P', 'T', 'S', 'G', 'V']"
12,120,75.0,18836451,RTFSPTYGL + PHOS(S4),32.5,Positive,426.0,434.0,synemin isoform A,http://www.ncbi.nlm.nih.gov/protein/NP_663780.2,,half maximal inhibitory concentration (IC50),nM,HLA-A*02:01,,,,,,"['R', 'T', 'F', 'PHOS_S', 'P', 'T', 'Y', 'G', 'L']"
13,121,76.0,18836451,AQASIELPSM + PHOS(S4),58.7,Positive,,,,,,half maximal inhibitory concentration (IC50),nM,HLA-A*02:01,,,,,,"['A', 'Q', 'A', 'PHOS_S', 'I', 'E', 'L', 'P', 'S', 'M']"
14,122,93.0,19655751,NLVPMVATV + OTH(P4),7330.0,Positive,,,,,,half maximal inhibitory concentration (IC50),nM,HLA-A*02:01,,,,"OTH_P = 4-amino-2,3-dihydroxybutyric acid = C(C(C(C(=O)O)O)O)N ",https://pubs.acs.org/doi/10.1021/ja9037565,"['N', 'L', 'V', 'OTH_P', 'M', 'V', 'A', 'T', 'V']"
15,123,159.0,25311806,"GVAGIGILTG + OTH(G1, V2, G10)",510.0,Positive,,,,,,half maximal inhibitory concentration (IC50),nM,HLA-A*02:01,,,,g1 = D-alpha-methyl-phenylglycine = C1=CC=C(C=C1)C(C(=O)O)N; v2 = norvaline = CCCC(C(=O)O)N; g10 = propargylglycine =  C#CCC(C(=O)O)N,https://www.ncbi.nlm.nih.gov/pmc/articles/PMC4226423/,"['OTH_G', 'OTH_V', 'A', 'G', 'I', 'G', 'I', 'L', 'T', 'OTH_G']"
16,124,,25311806,[am-phg][NVA]AGIGILT[PRG],510.0,Positive,,,,,,,,,,,,,https://www.ncbi.nlm.nih.gov/pmc/articles/PMC4226423/,"['AM-PHG', 'NVA', 'A', 'G', 'I', 'G', 'I', 'L', 'T', 'PRG']"
17,125,,25311806,[am-phg][2-AOC]AGIGILT[PRG],260.0,Positive,,,,,,,,,,,,,,"['AM-PHG', '2-AOC', 'A', 'G', 'I', 'G', 'I', 'L', 'T', 'PRG']"
18,126,,25311806,[am-phg][NLE]AGIGILT[PRG],400.0,Positive,,,,,,,,,,,,,,"['AM-PHG', 'NLE', 'A', 'G', 'I', 'G', 'I', 'L', 'T', 'PRG']"
19,127,,25311806,[am-phg][NVA]AGIGILT[ALG],410.0,Positive,,,,,,,,,,,,,,"['AM-PHG', 'NVA', 'A', 'G', 'I', 'G', 'I', 'L', 'T', 'ALG']"
20,128,,25311806,[am-phg]LAGIGILT[PRG],480.0,Positive,,,,,,,,,,,,,,"['AM-PHG', 'L', 'A', 'G', 'I', 'G', 'I', 'L', 'T', 'PRG']"
21,129,,25311806,[CSME][2-AOC]AGIGILT[PRG],510.0,Positive,,,,,,,,,,,,,,"['CSME', '2-AOC', 'A', 'G', 'I', 'G', 'I', 'L', 'T', 'PRG']"
22,130,,25311806,[CSME][2-AOC]AGIGILTV,470.0,Positive,,,,,,,,,,,,,,"['CSME', '2-AOC', 'A', 'G', 'I', 'G', 'I', 'L', 'T', 'V']"
23,131,,25311806,[CSME][NLE]AGIGILTV,970.0,Positive,,,,,,,,,,,,,,"['CSME', 'NLE', 'A', 'G', 'I', 'G', 'I', 'L', 'T', 'V']"
24,132,,25311806,[CSME][NVA]AGIGILTV,870.0,Positive,,,,,,,,,,,,,,"['CSME', 'NVA', 'A', 'G', 'I', 'G', 'I', 'L', 'T', 'V']"
25,133,,25311806,[CSME]LAGIGILT[PRG],1130.0,Positive,,,,,,,,,,,,,,"['CSME', 'L', 'A', 'G', 'I', 'G', 'I', 'L', 'T', 'PRG']"
26,134,,25311806,[CSME]LAGIGILTV,1360.0,Positive,,,,,,,,,,,,,,"['CSME', 'L', 'A', 'G', 'I', 'G', 'I', 'L', 'T', 'V']"
27,135,,25311806,[SOME][2-AOC]AGIGILTV,220.0,Positive,,,,,,,,,,,,,,"['SOME', '2-AOC', 'A', 'G', 'I', 'G', 'I', 'L', 'T', 'V']"
28,136,,25311806,[SOME]LAGIGILTV,1130.0,Positive,,,,,,,,,,,,,,"['SOME', 'L', 'A', 'G', 'I', 'G', 'I', 'L', 'T', 'V']"
29,137,,25311806,[am-phg][2-AOC]YDFFVWL,710.0,Positive,,,,,,,,,,,,,,"['AM-PHG', '2-AOC', 'Y', 'D', 'F', 'F', 'V', 'W', 'L']"
30,138,,25311806,[am-phg][2-AOC]YDFFVW[PRG],510.0,Positive,,,,,,,,,,,,,,"['AM-PHG', '2-AOC', 'Y', 'D', 'F', 'F', 'V', 'W', 'PRG']"
31,139,,25311806,[am-phg][CpALA]YDFFVW[PRG],460.0,Positive,,,,,,,,,,,,,,"['AM-PHG', 'CPALA', 'Y', 'D', 'F', 'F', 'V', 'W', 'PRG']"
32,140,,25311806,[am-phg][NVA]YDFFVW[PRG],710.0,Positive,,,,,,,,,,,,,,"['AM-PHG', 'NVA', 'Y', 'D', 'F', 'F', 'V', 'W', 'PRG']"
33,141,,25311806,[am-phg][NVA]YDFFVWL,650.0,Positive,,,,,,,,,,,,,,"['AM-PHG', 'NVA', 'Y', 'D', 'F', 'F', 'V', 'W', 'L']"
34,142,,25311806,[CSME][2-AOC]YDFFVW[ALG],520.0,Positive,,,,,,,,,,,,,,"['CSME', '2-AOC', 'Y', 'D', 'F', 'F', 'V', 'W', 'ALG']"
35,143,,25311806,[CSME][2-AOC]YDFFVWL,410.0,Positive,,,,,,,,,,,,,,"['CSME', '2-AOC', 'Y', 'D', 'F', 'F', 'V', 'W', 'L']"
36,144,,25311806,[CSME][CpALA]YDFFVW[PRG],940.0,Positive,,,,,,,,,,,,,,"['CSME', 'CPALA', 'Y', 'D', 'F', 'F', 'V', 'W', 'PRG']"
37,145,,25311806,[CSME][NVA]YDFFVW[PRG],670.0,Positive,,,,,,,,,,,,,,"['CSME', 'NVA', 'Y', 'D', 'F', 'F', 'V', 'W', 'PRG']"
38,146,,25311806,[Phg][2-AOC]YDFFVWL,510.0,Positive,,,,,,,,,,,,,,"['PHG', '2-AOC', 'Y', 'D', 'F', 'F', 'V', 'W', 'L']"
39,147,,25311806,[Phg][CpALA]YDFFVW[PRG],800.0,Positive,,,,,,,,,,,,,,"['PHG', 'CPALA', 'Y', 'D', 'F', 'F', 'V', 'W', 'PRG']"
40,148,,25311806,[PHG][CpALA]YDFFVWL,600.0,Positive,,,,,,,,,,,,,,"['PHG', 'CPALA', 'Y', 'D', 'F', 'F', 'V', 'W', 'L']"
41,149,,25311806,[Phg][NVA]YDFFVW[ALG],570.0,Positive,,,,,,,,,,,,,,"['PHG', 'NVA', 'Y', 'D', 'F', 'F', 'V', 'W', 'ALG']"
42,150,,25311806,[Phg][NVA]YDFFVW[PRG],740.0,Positive,,,,,,,,,,,,,,"['PHG', 'NVA', 'Y', 'D', 'F', 'F', 'V', 'W', 'PRG']"
43,151,,25311806,[Phg][NVA]YDFFVWL,570.0,Positive,,,,,,,,,,,,,,"['PHG', 'NVA', 'Y', 'D', 'F', 'F', 'V', 'W', 'L']"
44,152,,25311806,[am-phg][2-AOC]GPTLMC[PRG],1690.0,Positive,,,,,,,,,,,,,,"['AM-PHG', '2-AOC', 'G', 'P', 'T', 'L', 'M', 'C', 'PRG']"
45,153,,25311806,[am-phg][2-AOC]GPTLMCL,1050.0,Positive,,,,,,,,,,,,,,"['AM-PHG', '2-AOC', 'G', 'P', 'T', 'L', 'M', 'C', 'L']"
46,154,,25311806,[am-phg][CpALA]GPTLMC[PRG],1030.0,Positive,,,,,,,,,,,,,,"['AM-PHG', 'CPALA', 'G', 'P', 'T', 'L', 'M', 'C', 'PRG']"
47,155,,25311806,[am-phg][CpALA]GPTLMCL,1050.0,Positive,,,,,,,,,,,,,,"['AM-PHG', 'CPALA', 'G', 'P', 'T', 'L', 'M', 'C', 'L']"
48,156,,25311806,[CSME][2-AOC]GPTLMC[PRG],1010.0,Positive,,,,,,,,,,,,,,"['CSME', '2-AOC', 'G', 'P', 'T', 'L', 'M', 'C', 'PRG']"
49,157,,25311806,[CSME][2-AOC]GPTLMCL,460.0,Positive,,,,,,,,,,,,,,"['CSME', '2-AOC', 'G', 'P', 'T', 'L', 'M', 'C', 'L']"
50,158,,25311806,[CSME][CpALA]GPTLMCL,950.0,Positive,,,,,,,,,,,,,,"['CSME', 'CPALA', 'G', 'P', 'T', 'L', 'M', 'C', 'L']"
51,159,,25311806,[CSME][NVA]GPTLMC[PRG],790.0,Positive,,,,,,,,,,,,,,"['CSME', 'NVA', 'G', 'P', 'T', 'L', 'M', 'C', 'PRG']"
52,160,,25311806,[CSME][NVA]GPTLMCL,860.0,Positive,,,,,,,,,,,,,,"['CSME', 'NVA', 'G', 'P', 'T', 'L', 'M', 'C', 'L']"
53,161,,25311806,[Phg][2-AOC]GPTLMC[PRG],630.0,Positive,,,,,,,,,,,,,,"['PHG', '2-AOC', 'G', 'P', 'T', 'L', 'M', 'C', 'PRG']"
54,162,,25311806,[Phg][2-AOC]GPTLMCL,400.0,Positive,,,,,,,,,,,,,,"['PHG', '2-AOC', 'G', 'P', 'T', 'L', 'M', 'C', 'L']"
55,163,,25311806,[Phg][CpALA]GPTLMC[PRG],620.0,Positive,,,,,,,,,,,,,,"['PHG', 'CPALA', 'G', 'P', 'T', 'L', 'M', 'C', 'PRG']"
56,164,,25311806,[Phg][CpALA]GPTLMCL,870.0,Positive,,,,,,,,,,,,,,"['PHG', 'CPALA', 'G', 'P', 'T', 'L', 'M', 'C', 'L']"
57,165,,25311806,[Phg][NVA]GPTLMC[PRG],730.0,Positive,,,,,,,,,,,,,,"['PHG', 'NVA', 'G', 'P', 'T', 'L', 'M', 'C', 'PRG']"
58,166,,25311806,[Phg][NVA]GPTLMCL,930.0,Positive,,,,,,,,,,,,,,"['PHG', 'NVA', 'G', 'P', 'T', 'L', 'M', 'C', 'L']"
59,168,202.0,11120772,RLDSYVRSL + PHOS(S4),78.0,Positive,129.0,137.0,Trafficking protein particle complex subunit 1,https://www.uniprot.org/uniprot/Q9Y5R8.1,,half maximal inhibitory concentration (IC50),nM,HLA-A*02:01,,,,phos_s = PHOSPHOSERINE,https://www.ncbi.nlm.nih.gov/pmc/articles/PMC2213507/,"['R', 'L', 'D', 'PHOS_S', 'Y', 'V', 'R', 'S', 'L']"
60,169,203.0,11120772,GLDSYVRSL + PHOS(S4),58.0,Positive,,,,,,half maximal inhibitory concentration (IC50),nM,HLA-A*02:01,,,,,,"['G', 'L', 'D', 'PHOS_S', 'Y', 'V', 'R', 'S', 'L']"
61,170,,11120772,GLDYYVRSL + PHOS(Y4),211.0,Positive,,,,,,,,,,,,,,"['G', 'L', 'D', 'PHOS_Y', 'Y', 'V', 'R', 'S', 'L']"
62,171,205.0,11120772,GLDTYVRSL + PHOS(T4),67.0,Positive,,,,,,half maximal inhibitory concentration (IC50),nM,HLA-A*02:01,,,,,,"['G', 'L', 'D', 'PHOS_T', 'Y', 'V', 'R', 'S', 'L']"
63,172,6241.0,28903331,RQASLSISV + PHOS(S4),38.5,Positive,526.0,534.0,Serine/threonine-protein kinase D2,http://www.ncbi.nlm.nih.gov/protein/Q9BZL6.3,,half maximal inhibitory concentration (IC50),nM,HLA-A*02:01,,,,phos_s = PHOSPHOSERINE,https://www.ncbi.nlm.nih.gov/pmc/articles/PMC5589570/,"['R', 'Q', 'A', 'PHOS_S', 'L', 'S', 'I', 'S', 'V']"
64,174,6243.0,28903331,RQISQDVKL + PHOS(S4),25.5,Positive,165.0,173.0,AMP deaminase 2,https://www.uniprot.org/uniprot/Q01433.2,,half maximal inhibitory concentration (IC50),nM,HLA-A*02:01,,,,,,"['R', 'Q', 'I', 'PHOS_S', 'Q', 'D', 'V', 'K', 'L']"
65,175,7707.0,29562882,QHLCGSHLV + OX(C4),37883.0,Positive,28.0,36.0,Insulin,https://www.uniprot.org/uniprot/P01308.1,,half maximal inhibitory concentration (IC50),nM,HLA-A*02:01,,,,ox_c = Cysteic Acid = C(C(C(=O)O)N)S(=O)(=O)O,https://www.ncbi.nlm.nih.gov/pmc/articles/PMC5863483/,"['Q', 'H', 'L', 'OX_C', 'G', 'S', 'H', 'L', 'V']"
66,176,7729.0,29562882,CGSHLVEALY + SCM(Y10),38276.0,Positive,31.0,40.0,Insulin,https://www.uniprot.org/uniprot/P01308.1,,half maximal inhibitory concentration (IC50),nM,HLA-A*02:01,,,,,,"['C', 'G', 'S', 'H', 'L', 'V', 'E', 'A', 'L', 'SCM_Y']"
67,177,7753.0,29562882,"LYLVCGERGF + OX(C5, F10)",35512.0,Positive,39.0,48.0,Insulin,https://www.uniprot.org/uniprot/P01308.1,,half maximal inhibitory concentration (IC50),nM,HLA-A*02:01,,,,,,"['L', 'Y', 'L', 'V', 'OX_C', 'G', 'E', 'R', 'G', 'OX_F']"
68,178,7777.0,29562882,CGERGFFYT + SCM(Y8),38400.0,Positive,43.0,51.0,Insulin,https://www.uniprot.org/uniprot/P01308.1,,half maximal inhibitory concentration (IC50),nM,HLA-A*02:01,,,,,,"['C', 'G', 'E', 'R', 'G', 'F', 'F', 'SCM_Y', 'T']"
69,179,7794.0,29562882,ERGFFYTPK + CITR(R2),38093.0,Positive,45.0,53.0,Insulin,https://www.uniprot.org/uniprot/P01308.1,,half maximal inhibitory concentration (IC50),nM,HLA-A*02:01,,,,citr_r = citrulline,,"['E', 'CITR_R', 'G', 'F', 'F', 'Y', 'T', 'P', 'K']"
70,180,7799.0,29562882,ERGFFYTPKT + CITR(R2),36308.0,Positive,45.0,54.0,Insulin,https://www.uniprot.org/uniprot/P01308.1,,half maximal inhibitory concentration (IC50),nM,HLA-A*02:01,,,,,,"['E', 'CITR_R', 'G', 'F', 'F', 'Y', 'T', 'P', 'K', 'T']"
71,181,7806.0,29562882,GFFYTPKTR + CITR(R9),38420.0,Positive,47.0,55.0,Insulin,https://www.uniprot.org/uniprot/P01308.1,,half maximal inhibitory concentration (IC50),nM,HLA-A*02:01,,,,,,"['G', 'F', 'F', 'Y', 'T', 'P', 'K', 'T', 'CITR_R']"
72,182,7812.0,29562882,YTPKTRREA + CITR(R6),34672.0,Positive,50.0,58.0,Insulin,https://www.uniprot.org/uniprot/P01308.1,,half maximal inhibitory concentration (IC50),nM,HLA-A*02:01,,,,,,"['Y', 'T', 'P', 'K', 'T', 'CITR_R', 'R', 'E', 'A']"
73,183,7834.0,29562882,GSLQKRGIVE + CITR(R6),34549.0,Positive,84.0,93.0,Insulin,https://www.uniprot.org/uniprot/P01308.1,,half maximal inhibitory concentration (IC50),nM,HLA-A*02:01,,,,,,"['G', 'S', 'L', 'Q', 'K', 'CITR_R', 'G', 'I', 'V', 'E']"
74,184,77331.0,34171305,GPMVLRGLIT + OX(M3),2002.0,Positive,,,Membrane glycoprotein,,,dissociation constant KD (~IC50),nM,HLA-A*02:01,,,,,,"['G', 'P', 'OX_M', 'V', 'L', 'R', 'G', 'L', 'I', 'T']"
75,185,77349.0,34171305,"MLLGSMLYM + OX(M1, M6, M9)",0.5,Positive,,,replicase polyprotein 1ab,,,dissociation constant KD (~IC50),nM,HLA-A*02:01,,,,,,"['OX_M', 'L', 'L', 'G', 'S', 'OX_M', 'L', 'Y', 'OX_M']"
76,186,77358.0,34171305,"YLNSTNVTI + DEAM(N3, N6)",12.0,Positive,2270.0,2278.0,Replicase polyprotein 1a,https://www.uniprot.org/uniprot/P0DTC1.1,,dissociation constant KD (~IC50),nM,HLA-A*02:01,,,,,,"['Y', 'L', 'DEAM_N', 'S', 'T', 'DEAM_N', 'V', 'T', 'I']"
77,187,67.0,18836451,RQASIELPSM + PHOS(S4),11.2,Positive-High,249.0,258.0,lymphocyte-specific protein 1,http://www.ncbi.nlm.nih.gov/protein/AAH01785.1,,half maximal inhibitory concentration (IC50),nM,HLA-A*02:01,,,,,,"['R', 'Q', 'A', 'PHOS_S', 'I', 'E', 'L', 'P', 'S', 'M']"
78,188,68.0,18836451,KMDSFLDMQL + PHOS(S4),3.4,Positive-High,49.0,58.0,Nedd4 binding protein 2,http://www.ncbi.nlm.nih.gov/protein/BAG48313.1,,half maximal inhibitory concentration (IC50),nM,HLA-A*02:01,,,,,,"['K', 'M', 'D', 'PHOS_S', 'F', 'L', 'D', 'M', 'Q', 'L']"
79,191,4081.0,28263308,MLYQHLLPL + OX(M1),2.3,Positive-High,,,alternatively spliced Insulin,https://ontology.iedb.org/ontology/ONTIE_0003294,,half maximal inhibitory concentration (IC50),nM,HLA-A*02:01,,,,,,"['OX_M', 'L', 'Y', 'Q', 'H', 'L', 'L', 'P', 'L']"
80,192,7674.0,29562882,ALWMRLLPL + CITR(R5),28.0,Positive-High,2.0,10.0,Insulin,https://www.uniprot.org/uniprot/P01308.1,,half maximal inhibitory concentration (IC50),nM,HLA-A*02:01,,,,,,"['A', 'L', 'W', 'M', 'CITR_R', 'L', 'L', 'P', 'L']"
81,193,42661.0,32571843,"ILCETCLIV + AIB(C3, C6)",18.0,Positive-High,,,,,,half maximal inhibitory concentration (IC50),nM,HLA-A*02:01,,,,,,"['I', 'L', 'AIB_C', 'E', 'T', 'AIB_C', 'L', 'I', 'V']"
82,194,42670.0,32571843,RLPRIFCSC + AIB(C9),11.0,Positive-High,639.0,647.0,melanocyte protein PMEL isoform 3 preproprotein [Homo sapiens],http://www.ncbi.nlm.nih.gov/protein/5902084,,half maximal inhibitory concentration (IC50),nM,HLA-A*02:01,,,,,,"['R', 'L', 'P', 'R', 'I', 'F', 'C', 'S', 'AIB_C']"
83,195,42671.0,32571843,"RLPRIFCSC + AIB(C7, C9)",4.7,Positive-High,639.0,647.0,melanocyte protein PMEL isoform 3 preproprotein [Homo sapiens],http://www.ncbi.nlm.nih.gov/protein/5902084,,half maximal inhibitory concentration (IC50),nM,HLA-A*02:01,,,,,,"['R', 'L', 'P', 'R', 'I', 'F', 'AIB_C', 'S', 'AIB_C']"
84,196,42965.0,32571843,VLPDVFIRC + AIB(C9),0.6,Positive-High,,,GnTV intron,,,half maximal inhibitory concentration (IC50),nM,HLA-A*02:01,,,,,,"['V', 'L', 'P', 'D', 'V', 'F', 'I', 'R', 'AIB_C']"
85,197,204.0,11120772,GLDYYVRSL + PHOS(Y4),211.0,Positive-Intermediate,,,,,,half maximal inhibitory concentration (IC50),nM,HLA-A*02:01,,,,,,"['G', 'L', 'D', 'PHOS_Y', 'Y', 'V', 'R', 'S', 'L']"
86,199,7673.0,29562882,MALWMRLLPL + CITR(R6),262.0,Positive-Intermediate,1.0,10.0,Insulin,https://www.uniprot.org/uniprot/P01308.1,,half maximal inhibitory concentration (IC50),nM,HLA-A*02:01,,,,,,"['M', 'A', 'L', 'W', 'M', 'CITR_R', 'L', 'L', 'P', 'L']"
87,200,7675.0,29562882,ALWMRLLPLL + CITR(R5),69.0,Positive-Intermediate,2.0,11.0,Insulin,https://www.uniprot.org/uniprot/P01308.1,,half maximal inhibitory concentration (IC50),nM,HLA-A*02:01,,,,,,"['A', 'L', 'W', 'M', 'CITR_R', 'L', 'L', 'P', 'L', 'L']"
88,201,7676.0,29562882,LWMRLLPLL + CITR(R4),148.0,Positive-Intermediate,3.0,11.0,Insulin,https://www.uniprot.org/uniprot/P01308.1,,half maximal inhibitory concentration (IC50),nM,HLA-A*02:01,,,,,,"['L', 'W', 'M', 'CITR_R', 'L', 'L', 'P', 'L', 'L']"
89,202,7677.0,29562882,LWMRLLPLLA + CITR(R4),61.0,Positive-Intermediate,3.0,12.0,Insulin,https://www.uniprot.org/uniprot/P01308.1,,half maximal inhibitory concentration (IC50),nM,HLA-A*02:01,,,,,,"['L', 'W', 'M', 'CITR_R', 'L', 'L', 'P', 'L', 'L', 'A']"
90,203,7679.0,29562882,WMRLLPLLAL + CITR(R3),310.0,Positive-Intermediate,4.0,13.0,Insulin,https://www.uniprot.org/uniprot/P01308.1,,half maximal inhibitory concentration (IC50),nM,HLA-A*02:01,,,,,,"['W', 'M', 'CITR_R', 'L', 'L', 'P', 'L', 'L', 'A', 'L']"
91,204,7681.0,29562882,MRLLPLLALL + CITR(R2),98.0,Positive-Intermediate,5.0,14.0,Insulin,https://www.uniprot.org/uniprot/P01308.1,,half maximal inhibitory concentration (IC50),nM,HLA-A*02:01,,,,,,"['M', 'CITR_R', 'L', 'L', 'P', 'L', 'L', 'A', 'L', 'L']"
92,205,7682.0,29562882,RLLPLLALL + CITR(R1),83.0,Positive-Intermediate,6.0,14.0,Insulin,https://www.uniprot.org/uniprot/P01308.1,,half maximal inhibitory concentration (IC50),nM,HLA-A*02:01,,,,,,"['CITR_R', 'L', 'L', 'P', 'L', 'L', 'A', 'L', 'L']"
93,206,7683.0,29562882,RLLPLLALLA + CITR(R1),70.0,Positive-Intermediate,6.0,15.0,Insulin,https://www.uniprot.org/uniprot/P01308.1,,half maximal inhibitory concentration (IC50),nM,HLA-A*02:01,,,,,,"['CITR_R', 'L', 'L', 'P', 'L', 'L', 'A', 'L', 'L', 'A']"
94,207,7733.0,29562882,SHLVEALYL + SCM(Y8),445.0,Positive-Intermediate,33.0,41.0,Insulin,https://www.uniprot.org/uniprot/P01308.1,,half maximal inhibitory concentration (IC50),nM,HLA-A*02:01,,,,,,"['S', 'H', 'L', 'V', 'E', 'A', 'L', 'SCM_Y', 'L']"
95,208,7735.0,29562882,HLVEALYLV + SCM(Y7),55.0,Positive-Intermediate,34.0,42.0,Insulin,https://www.uniprot.org/uniprot/P01308.1,,half maximal inhibitory concentration (IC50),nM,HLA-A*02:01,,,,,,"['H', 'L', 'V', 'E', 'A', 'L', 'SCM_Y', 'L', 'V']"
96,209,42651.0,32571843,SLLMWITQC + AIB(C9),64.0,Positive-Intermediate,99.0,107.0,"CTAG2 protein, partial [Homo sapiens]",http://www.ncbi.nlm.nih.gov/protein/133777817,,half maximal inhibitory concentration (IC50),nM,HLA-A*02:01,,,,AIB_C = α-aminobutyric acid = CCC(C(=O)O)N,https://www.ncbi.nlm.nih.gov/pmc/articles/PMC7413297/,"['S', 'L', 'L', 'M', 'W', 'I', 'T', 'Q', 'AIB_C']"
97,210,42652.0,32571843,CISSCNPNL + AIB(C1),212.0,Positive-Intermediate,,,,,,half maximal inhibitory concentration (IC50),nM,HLA-A*02:01,,,,,,"['AIB_C', 'I', 'S', 'S', 'C', 'N', 'P', 'N', 'L']"
98,211,42658.0,32571843,CQWGRLWQL + AIB(C1),143.0,Positive-Intermediate,,,,,,half maximal inhibitory concentration (IC50),nM,HLA-A*02:01,,,,,,"['AIB_C', 'Q', 'W', 'G', 'R', 'L', 'W', 'Q', 'L']"
99,212,42659.0,32571843,ILCETCLIV + AIB(C3),63.0,Positive-Intermediate,,,,,,half maximal inhibitory concentration (IC50),nM,HLA-A*02:01,,,,,,"['I', 'L', 'AIB_C', 'E', 'T', 'C', 'L', 'I', 'V']"
100,213,42660.0,32571843,ILCETCLIV + AIB(C6),162.0,Positive-Intermediate,,,,,,half maximal inhibitory concentration (IC50),nM,HLA-A*02:01,,,,,,"['I', 'L', 'C', 'E', 'T', 'AIB_C', 'L', 'I', 'V']"
101,214,42662.0,32571843,ILCGTCLIV + AIB(C3),419.0,Positive-Intermediate,563.0,571.0,PH domain leucine-rich repeat-containing protein phosphatase 1,https://www.uniprot.org/uniprot/O60346.3,,half maximal inhibitory concentration (IC50),nM,HLA-A*02:01,,,,,,"['I', 'L', 'AIB_C', 'G', 'T', 'C', 'L', 'I', 'V']"
102,215,42668.0,32571843,HMTEVVRRC + AIB(C9),337.0,Positive-Intermediate,168.0,176.0,"p53 transformation suppressor, partial [Homo sapiens]",http://www.ncbi.nlm.nih.gov/protein/506433,,half maximal inhibitory concentration (IC50),nM,HLA-A*02:01,,,,,,"['H', 'M', 'T', 'E', 'V', 'V', 'R', 'R', 'AIB_C']"
103,216,100109.0,32571843,HMTEVVRHC + AIB(C9),318.0,Positive-Intermediate,,,,,,half maximal inhibitory concentration (IC50),nM,HLA-A*02:01,,,,,,"['H', 'M', 'T', 'E', 'V', 'V', 'R', 'H', 'AIB_C']"
104,217,19.0,19342659,VLRDDLCEA + SCM(C7),1171.0,Positive-Low,,,,,,half maximal inhibitory concentration (IC50),nM,HLA-A*02:01,,,,c7 = L (SCM_C = L),,"['V', 'L', 'R', 'D', 'D', 'L', 'SCM_C', 'E', 'A']"
105,218,7672.0,29562882,MALWMRLLP + CITR(R6),2117.0,Positive-Low,1.0,9.0,Insulin,https://www.uniprot.org/uniprot/P01308.1,,half maximal inhibitory concentration (IC50),nM,HLA-A*02:01,,,,,,"['M', 'A', 'L', 'W', 'M', 'CITR_R', 'L', 'L', 'P']"
106,219,7678.0,29562882,WMRLLPLLA + CITR(R3),1007.0,Positive-Low,4.0,12.0,Insulin,https://www.uniprot.org/uniprot/P01308.1,,half maximal inhibitory concentration (IC50),nM,HLA-A*02:01,,,,,,"['W', 'M', 'CITR_R', 'L', 'L', 'P', 'L', 'L', 'A']"
107,220,7680.0,29562882,MRLLPLLAL + CITR(R2),1863.0,Positive-Low,5.0,13.0,Insulin,https://www.uniprot.org/uniprot/P01308.1,,half maximal inhibitory concentration (IC50),nM,HLA-A*02:01,,,,,,"['M', 'CITR_R', 'L', 'L', 'P', 'L', 'L', 'A', 'L']"
108,221,7706.0,29562882,QHLCGSHLV + DEAM(Q1),7237.0,Positive-Low,28.0,36.0,Insulin,https://www.uniprot.org/uniprot/P01308.1,,half maximal inhibitory concentration (IC50),nM,HLA-A*02:01,,,,,,"['DEAM_Q', 'H', 'L', 'C', 'G', 'S', 'H', 'L', 'V']"
109,222,7719.0,29562882,HLCGSHLVEA + OX(C3),6210.0,Positive-Low,29.0,38.0,Insulin,https://www.uniprot.org/uniprot/P01308.1,,half maximal inhibitory concentration (IC50),nM,HLA-A*02:01,,,,,,"['H', 'L', 'OX_C', 'G', 'S', 'H', 'L', 'V', 'E', 'A']"
110,225,7722.0,29562882,LCGSHLVEA + OX(C2),14796.0,Positive-Low,30.0,38.0,Insulin,https://www.uniprot.org/uniprot/P01308.1,,half maximal inhibitory concentration (IC50),nM,HLA-A*02:01,,,,,,"['L', 'OX_C', 'G', 'S', 'H', 'L', 'V', 'E', 'A']"
111,227,7728.0,29562882,CGSHLVEALY + OX(C1),8043.0,Positive-Low,31.0,40.0,Insulin,https://www.uniprot.org/uniprot/P01308.1,,half maximal inhibitory concentration (IC50),nM,HLA-A*02:01,,,,,,"['OX_C', 'G', 'S', 'H', 'L', 'V', 'E', 'A', 'L', 'Y']"
112,228,7731.0,29562882,GSHLVEALY + SCM(Y9),30634.0,Positive-Low,32.0,40.0,Insulin,https://www.uniprot.org/uniprot/P01308.1,,half maximal inhibitory concentration (IC50),nM,HLA-A*02:01,,,,,,"['G', 'S', 'H', 'L', 'V', 'E', 'A', 'L', 'SCM_Y']"
113,229,7732.0,29562882,GSHLVEALYL + SCM(Y9),6837.0,Positive-Low,32.0,41.0,Insulin,https://www.uniprot.org/uniprot/P01308.1,,half maximal inhibitory concentration (IC50),nM,HLA-A*02:01,,,,,,"['G', 'S', 'H', 'L', 'V', 'E', 'A', 'L', 'SCM_Y', 'L']"
114,230,7734.0,29562882,SHLVEALYLV + SCM(Y8),1066.0,Positive-Low,33.0,42.0,Insulin,https://www.uniprot.org/uniprot/P01308.1,,half maximal inhibitory concentration (IC50),nM,HLA-A*02:01,,,,,,"['S', 'H', 'L', 'V', 'E', 'A', 'L', 'SCM_Y', 'L', 'V']"
115,231,7736.0,29562882,HLVEALYLVC + SCM(Y7),2132.0,Positive-Low,34.0,43.0,Insulin,https://www.uniprot.org/uniprot/P01308.1,,half maximal inhibitory concentration (IC50),nM,HLA-A*02:01,,,,,,"['H', 'L', 'V', 'E', 'A', 'L', 'SCM_Y', 'L', 'V', 'C']"
116,232,7737.0,29562882,LVEALYLVC + SCM(Y6),11768.0,Positive-Low,35.0,43.0,Insulin,https://www.uniprot.org/uniprot/P01308.1,,half maximal inhibitory concentration (IC50),nM,HLA-A*02:01,,,,,,"['L', 'V', 'E', 'A', 'L', 'SCM_Y', 'L', 'V', 'C']"
117,233,7738.0,29562882,LVEALYLVCG + SCM(Y6),15300.0,Positive-Low,35.0,44.0,Insulin,https://www.uniprot.org/uniprot/P01308.1,,half maximal inhibitory concentration (IC50),nM,HLA-A*02:01,,,,,,"['L', 'V', 'E', 'A', 'L', 'SCM_Y', 'L', 'V', 'C', 'G']"
118,234,7739.0,29562882,VEALYLVCG + SCM(Y5),18759.0,Positive-Low,36.0,44.0,Insulin,https://www.uniprot.org/uniprot/P01308.1,,half maximal inhibitory concentration (IC50),nM,HLA-A*02:01,,,,,,"['V', 'E', 'A', 'L', 'SCM_Y', 'L', 'V', 'C', 'G']"
119,235,7741.0,29562882,EALYLVCGE + SCM(Y4),13342.0,Positive-Low,37.0,45.0,Insulin,https://www.uniprot.org/uniprot/P01308.1,,half maximal inhibitory concentration (IC50),nM,HLA-A*02:01,,,,,,"['E', 'A', 'L', 'SCM_Y', 'L', 'V', 'C', 'G', 'E']"
120,236,7742.0,29562882,EALYLVCGER + CITR(R10),3100.0,Positive-Low,37.0,46.0,Insulin,https://www.uniprot.org/uniprot/P01308.1,,half maximal inhibitory concentration (IC50),nM,HLA-A*02:01,,,,,,"['E', 'A', 'L', 'Y', 'L', 'V', 'C', 'G', 'E', 'CITR_R']"
121,237,7743.0,29562882,EALYLVCGER + SCM(Y4),8562.0,Positive-Low,37.0,46.0,Insulin,https://www.uniprot.org/uniprot/P01308.1,,half maximal inhibitory concentration (IC50),nM,HLA-A*02:01,,,,,,"['E', 'A', 'L', 'SCM_Y', 'L', 'V', 'C', 'G', 'E', 'R']"
122,238,7744.0,29562882,ALYLVCGER + SCM(Y3),2988.0,Positive-Low,38.0,46.0,Insulin,https://www.uniprot.org/uniprot/P01308.1,,half maximal inhibitory concentration (IC50),nM,HLA-A*02:01,,,,,,"['A', 'L', 'SCM_Y', 'L', 'V', 'C', 'G', 'E', 'R']"
123,239,7745.0,29562882,ALYLVCGER + CITR(R9),1241.0,Positive-Low,38.0,46.0,Insulin,https://www.uniprot.org/uniprot/P01308.1,,half maximal inhibitory concentration (IC50),nM,HLA-A*02:01,,,,,,"['A', 'L', 'Y', 'L', 'V', 'C', 'G', 'E', 'CITR_R']"
124,240,7746.0,29562882,ALYLVCGERG + SCM(Y3),2734.0,Positive-Low,38.0,47.0,Insulin,https://www.uniprot.org/uniprot/P01308.1,,half maximal inhibitory concentration (IC50),nM,HLA-A*02:01,,,,,,"['A', 'L', 'SCM_Y', 'L', 'V', 'C', 'G', 'E', 'R', 'G']"
125,241,7747.0,29562882,ALYLVCGERG + CITR(R9),9076.0,Positive-Low,38.0,47.0,Insulin,https://www.uniprot.org/uniprot/P01308.1,,half maximal inhibitory concentration (IC50),nM,HLA-A*02:01,,,,,,"['A', 'L', 'Y', 'L', 'V', 'C', 'G', 'E', 'CITR_R', 'G']"
126,242,7748.0,29562882,LYLVCGERG + CITR(R8),12493.0,Positive-Low,39.0,47.0,Insulin,https://www.uniprot.org/uniprot/P01308.1,,half maximal inhibitory concentration (IC50),nM,HLA-A*02:01,,,,,,"['L', 'Y', 'L', 'V', 'C', 'G', 'E', 'CITR_R', 'G']"
127,243,7749.0,29562882,LYLVCGERG + SCM(Y2),19307.0,Positive-Low,39.0,47.0,Insulin,https://www.uniprot.org/uniprot/P01308.1,,half maximal inhibitory concentration (IC50),nM,HLA-A*02:01,,,,,,"['L', 'SCM_Y', 'L', 'V', 'C', 'G', 'E', 'R', 'G']"
128,244,7750.0,29562882,LYLVCGERGF + SCM(Y2),14255.0,Positive-Low,39.0,48.0,Insulin,https://www.uniprot.org/uniprot/P01308.1,,half maximal inhibitory concentration (IC50),nM,HLA-A*02:01,,,,,,"['L', 'SCM_Y', 'L', 'V', 'C', 'G', 'E', 'R', 'G', 'F']"
129,245,7751.0,29562882,LYLVCGERGF + CITR(R8),18784.0,Positive-Low,39.0,48.0,Insulin,https://www.uniprot.org/uniprot/P01308.1,,half maximal inhibitory concentration (IC50),nM,HLA-A*02:01,,,,,,"['L', 'Y', 'L', 'V', 'C', 'G', 'E', 'CITR_R', 'G', 'F']"
130,246,7754.0,29562882,YLVCGERGF + SCM(Y1),3163.0,Positive-Low,40.0,48.0,Insulin,https://www.uniprot.org/uniprot/P01308.1,,half maximal inhibitory concentration (IC50),nM,HLA-A*02:01,,,,,,"['SCM_Y', 'L', 'V', 'C', 'G', 'E', 'R', 'G', 'F']"
131,247,7755.0,29562882,"YLVCGERGF + OX(C4, F9)",3244.0,Positive-Low,40.0,48.0,Insulin,https://www.uniprot.org/uniprot/P01308.1,,half maximal inhibitory concentration (IC50),nM,HLA-A*02:01,,,,,,"['Y', 'L', 'V', 'OX_C', 'G', 'E', 'R', 'G', 'OX_F']"
132,248,7756.0,29562882,YLVCGERGF + CITR(R7),11365.0,Positive-Low,40.0,48.0,Insulin,https://www.uniprot.org/uniprot/P01308.1,,half maximal inhibitory concentration (IC50),nM,HLA-A*02:01,,,,,,"['Y', 'L', 'V', 'C', 'G', 'E', 'CITR_R', 'G', 'F']"
133,249,7757.0,29562882,YLVCGERGF + OX(F9),10814.0,Positive-Low,40.0,48.0,Insulin,https://www.uniprot.org/uniprot/P01308.1,,half maximal inhibitory concentration (IC50),nM,HLA-A*02:01,,,,,,"['Y', 'L', 'V', 'C', 'G', 'E', 'R', 'G', 'OX_F']"
134,250,7758.0,29562882,YLVCGERGFF + SCM(Y1),1690.0,Positive-Low,40.0,49.0,Insulin,https://www.uniprot.org/uniprot/P01308.1,,half maximal inhibitory concentration (IC50),nM,HLA-A*02:01,,,,,,"['SCM_Y', 'L', 'V', 'C', 'G', 'E', 'R', 'G', 'F', 'F']"
135,251,7759.0,29562882,YLVCGERGFF + CITR(R7),2617.0,Positive-Low,40.0,49.0,Insulin,https://www.uniprot.org/uniprot/P01308.1,,half maximal inhibitory concentration (IC50),nM,HLA-A*02:01,,,,,,"['Y', 'L', 'V', 'C', 'G', 'E', 'CITR_R', 'G', 'F', 'F']"
136,252,7760.0,29562882,YLVCGERGFF + OX(Y10),2009.0,Positive-Low,40.0,49.0,Insulin,https://www.uniprot.org/uniprot/P01308.1,,half maximal inhibitory concentration (IC50),nM,HLA-A*02:01,,,,,,"['Y', 'L', 'V', 'C', 'G', 'E', 'R', 'G', 'F', 'OX_Y']"
137,253,7761.0,29562882,"YLVCGERGFF + OX(C4, F9, F10)",2421.0,Positive-Low,40.0,49.0,Insulin,https://www.uniprot.org/uniprot/P01308.1,,half maximal inhibitory concentration (IC50),nM,HLA-A*02:01,,,,,,"['Y', 'L', 'V', 'OX_C', 'G', 'E', 'R', 'G', 'OX_F', 'OX_F']"
138,254,7765.0,29562882,LVCGERGFFY + SCM(Y10),27675.0,Positive-Low,41.0,50.0,Insulin,https://www.uniprot.org/uniprot/P01308.1,,half maximal inhibitory concentration (IC50),nM,HLA-A*02:01,,,,,,"['L', 'V', 'C', 'G', 'E', 'R', 'G', 'F', 'F', 'SCM_Y']"
139,255,7770.0,29562882,VCGERGFFY + CITR(R5),33476.0,Positive-Low,42.0,50.0,Insulin,https://www.uniprot.org/uniprot/P01308.1,,half maximal inhibitory concentration (IC50),nM,HLA-A*02:01,,,,,,"['V', 'C', 'G', 'E', 'CITR_R', 'G', 'F', 'F', 'Y']"
140,256,7779.0,29562882,CGERGFFYT + OX(F6),26255.0,Positive-Low,43.0,51.0,Insulin,https://www.uniprot.org/uniprot/P01308.1,,half maximal inhibitory concentration (IC50),nM,HLA-A*02:01,,,,,,"['C', 'G', 'E', 'R', 'G', 'OX_F', 'F', 'Y', 'T']"
141,257,7781.0,29562882,CGERGFFYTP + SCM(Y8),27807.0,Positive-Low,43.0,52.0,Insulin,https://www.uniprot.org/uniprot/P01308.1,,half maximal inhibitory concentration (IC50),nM,HLA-A*02:01,,,,,,"['C', 'G', 'E', 'R', 'G', 'F', 'F', 'SCM_Y', 'T', 'P']"
142,258,7797.0,29562882,"ERGFFYTPKT + OX(F4, F5)",5730.0,Positive-Low,45.0,54.0,Insulin,https://www.uniprot.org/uniprot/P01308.1,,half maximal inhibitory concentration (IC50),nM,HLA-A*02:01,,,,,,"['E', 'R', 'G', 'OX_F', 'OX_F', 'Y', 'T', 'P', 'K', 'T']"
143,259,7801.0,29562882,"RGFFYTPKT + OX(F3, F4)",8805.0,Positive-Low,46.0,54.0,Insulin,https://www.uniprot.org/uniprot/P01308.1,,half maximal inhibitory concentration (IC50),nM,HLA-A*02:01,,,,,,"['R', 'G', 'OX_F', 'OX_F', 'Y', 'T', 'P', 'K', 'T']"
144,260,7803.0,29562882,RGFFYTPKT + CITR(R1),27300.0,Positive-Low,46.0,54.0,Insulin,https://www.uniprot.org/uniprot/P01308.1,,half maximal inhibitory concentration (IC50),nM,HLA-A*02:01,,,,,,"['CITR_R', 'G', 'F', 'F', 'Y', 'T', 'P', 'K', 'T']"
145,261,7809.0,29562882,FFYTPKTRRE + CITR(R8),28285.0,Positive-Low,48.0,57.0,Insulin,https://www.uniprot.org/uniprot/P01308.1,,half maximal inhibitory concentration (IC50),nM,HLA-A*02:01,,,,,,"['F', 'F', 'Y', 'T', 'P', 'K', 'T', 'CITR_R', 'R', 'E']"
146,262,7819.0,29562882,KTRREAEDLQ + CITR(R3),22304.0,Positive-Low,53.0,62.0,Insulin,https://www.uniprot.org/uniprot/P01308.1,,half maximal inhibitory concentration (IC50),nM,HLA-A*02:01,,,,,,"['K', 'T', 'CITR_R', 'R', 'E', 'A', 'E', 'D', 'L', 'Q']"
147,263,7821.0,29562882,TRREAEDLQV + CITR(R2),30243.0,Positive-Low,54.0,63.0,Insulin,https://www.uniprot.org/uniprot/P01308.1,,half maximal inhibitory concentration (IC50),nM,HLA-A*02:01,,,,,,"['T', 'CITR_R', 'R', 'E', 'A', 'E', 'D', 'L', 'Q', 'V']"
148,264,7826.0,29562882,LALEGSLQKR + CITR(R10),16354.0,Positive-Low,80.0,89.0,Insulin,https://www.uniprot.org/uniprot/P01308.1,,half maximal inhibitory concentration (IC50),nM,HLA-A*02:01,,,,,,"['L', 'A', 'L', 'E', 'G', 'S', 'L', 'Q', 'K', 'CITR_R']"
149,265,42653.0,32571843,CISSCNPNL + AIB(C5),845.0,Positive-Low,,,,,,half maximal inhibitory concentration (IC50),nM,HLA-A*02:01,,,,,,"['C', 'I', 'S', 'S', 'AIB_C', 'N', 'P', 'N', 'L']"
150,266,42654.0,32571843,"CISSCNPNL + AIB(C1, C5)",575.0,Positive-Low,,,,,,half maximal inhibitory concentration (IC50),nM,HLA-A*02:01,,,,,,"['AIB_C', 'I', 'S', 'S', 'AIB_C', 'N', 'P', 'N', 'L']"
151,267,42657.0,32571843,"CISSCNPNP + AIB(C1, C5)",13800.0,Positive-Low,1674.0,1682.0,transcription factor HIVEP2 [Homo sapiens],http://www.ncbi.nlm.nih.gov/protein/110347463,,half maximal inhibitory concentration (IC50),nM,HLA-A*02:01,,,,,,"['AIB_C', 'I', 'S', 'S', 'AIB_C', 'N', 'P', 'N', 'P']"
152,268,42663.0,32571843,ILCGTCLIV + AIB(C6),1395.0,Positive-Low,563.0,571.0,PH domain leucine-rich repeat-containing protein phosphatase 1,https://www.uniprot.org/uniprot/O60346.3,,half maximal inhibitory concentration (IC50),nM,HLA-A*02:01,,,,,,"['I', 'L', 'C', 'G', 'T', 'AIB_C', 'L', 'I', 'V']"
153,269,42664.0,32571843,"ILCGTCLIV + AIB(C3, C6)",1103.0,Positive-Low,563.0,571.0,PH domain leucine-rich repeat-containing protein phosphatase 1,https://www.uniprot.org/uniprot/O60346.3,,half maximal inhibitory concentration (IC50),nM,HLA-A*02:01,,,,,,"['I', 'L', 'AIB_C', 'G', 'T', 'AIB_C', 'L', 'I', 'V']"
154,270,42665.0,32571843,SCSRAVPQV + AIB(C2),1251.0,Positive-Low,,,,,,half maximal inhibitory concentration (IC50),nM,HLA-A*02:01,,,,,,"['S', 'AIB_C', 'S', 'R', 'A', 'V', 'P', 'Q', 'V']"
155,271,42666.0,32571843,SCSRAIPQV + AIB(C2),1120.0,Positive-Low,122.0,130.0,cytoplasmic FMR1-interacting protein 1 isoform c [Homo sapiens],http://www.ncbi.nlm.nih.gov/protein/1022943302,,half maximal inhibitory concentration (IC50),nM,HLA-A*02:01,,,,,,"['S', 'AIB_C', 'S', 'R', 'A', 'I', 'P', 'Q', 'V']"
156,272,42667.0,32571843,ACDPHSGHFV + AIB(C2),2272.0,Positive-Low,23.0,32.0,orf [Homo sapiens],http://www.ncbi.nlm.nih.gov/protein/763124,,half maximal inhibitory concentration (IC50),nM,HLA-A*02:01,,,,,,"['A', 'AIB_C', 'D', 'P', 'H', 'S', 'G', 'H', 'F', 'V']"
157,273,42669.0,32571843,RLPRIFCSC + AIB(C7),508.0,Positive-Low,639.0,647.0,melanocyte protein PMEL isoform 3 preproprotein [Homo sapiens],http://www.ncbi.nlm.nih.gov/protein/5902084,,half maximal inhibitory concentration (IC50),nM,HLA-A*02:01,,,,,,"['R', 'L', 'P', 'R', 'I', 'F', 'AIB_C', 'S', 'C']"
