,PMID,Name,Quantitative measurement,Qualitative Measurement,Starting Position,Ending Position,Source Molecule,Source Molecule IRI,PDB ID,Response measured,Units,HLA,token_list
18,19342659.0,VLHDDLCEA + SCM(C7),44.0,Positive,,,,,,half maximal inhibitory concentration (IC50),nM,HLA-A*02:01,"['V', 'L', 'H', 'D', 'D', 'L', 'SCM_C', 'E', 'A']"
19,19342659.0,VLRDDLCEA + SCM(C7),1171.0,Positive-Low,,,,,,half maximal inhibitory concentration (IC50),nM,HLA-A*02:01,"['V', 'L', 'R', 'D', 'D', 'L', 'SCM_C', 'E', 'A']"
20,19342659.0,VLFDDLCEA + SCM(C7),15.0,Positive,,,,,,half maximal inhibitory concentration (IC50),nM,HLA-A*02:01,"['V', 'L', 'F', 'D', 'D', 'L', 'SCM_C', 'E', 'A']"
22,19342659.0,VLRDDLCEA + CITR(R3),44.0,Positive,,,,,,half maximal inhibitory concentration (IC50),nM,HLA-A*02:01,"['V', 'L', 'CITR_R', 'D', 'D', 'L', 'C', 'E', 'A']"
46,9075928.0,FIDSYICQV + CYSTL(C7),75.0,Positive,311.0,319.0,SMCY,http://www.ncbi.nlm.nih.gov/protein/AAC50806.1,,half maximal inhibitory concentration (IC50),nM,HLA-A*02:01,"['F', 'I', 'D', 'S', 'Y', 'I', 'CYSTL_C', 'Q', 'V']"
65,18836451.0,RQASLSISV + PHOS(S4),38.5,Positive,526.0,534.0,protein kinase D2 isoform A,http://www.ncbi.nlm.nih.gov/protein/NP_057541.2,,half maximal inhibitory concentration (IC50),nM,HLA-A*02:01,"['R', 'Q', 'A', 'PHOS_S', 'L', 'S', 'I', 'S', 'V']"
66,18836451.0,RTYSGPMNKV + PHOS(S4),116.9,Positive,53.0,62.0,"premature ovarian failure, 1B",http://www.ncbi.nlm.nih.gov/protein/NP_079197.3,,half maximal inhibitory concentration (IC50),nM,HLA-A*02:01,"['R', 'T', 'Y', 'PHOS_S', 'G', 'P', 'M', 'N', 'K', 'V']"
67,18836451.0,RQASIELPSM + PHOS(S4),11.2,Positive-High,249.0,258.0,lymphocyte-specific protein 1,http://www.ncbi.nlm.nih.gov/protein/AAH01785.1,,half maximal inhibitory concentration (IC50),nM,HLA-A*02:01,"['R', 'Q', 'A', 'PHOS_S', 'I', 'E', 'L', 'P', 'S', 'M']"
68,18836451.0,KMDSFLDMQL + PHOS(S4),3.4,Positive-High,49.0,58.0,Nedd4 binding protein 2,http://www.ncbi.nlm.nih.gov/protein/BAG48313.1,,half maximal inhibitory concentration (IC50),nM,HLA-A*02:01,"['K', 'M', 'D', 'PHOS_S', 'F', 'L', 'D', 'M', 'Q', 'L']"
69,18836451.0,YLDSGIHSGA + PHOS(S4),145.7,Positive,30.0,39.0,Catenin beta-1,https://www.uniprot.org/uniprot/P35222.1,,half maximal inhibitory concentration (IC50),nM,HLA-A*02:01,"['Y', 'L', 'D', 'PHOS_S', 'G', 'I', 'H', 'S', 'G', 'A']"
70,18836451.0,SLQPRSHSV + PHOS(S8),180.5,Positive,448.0,456.0,Pleckstrin homology domain-containing family A member 6,https://www.uniprot.org/uniprot/Q9Y2H5.4,,half maximal inhibitory concentration (IC50),nM,HLA-A*02:01,"['S', 'L', 'Q', 'P', 'R', 'S', 'H', 'PHOS_S', 'V']"
71,18836451.0,GLLGSPVRA + PHOS(S5),168.7,Positive,38.0,46.0,M-phase inducer phosphatase 2,https://www.uniprot.org/uniprot/P30305.2,,half maximal inhibitory concentration (IC50),nM,HLA-A*02:01,"['G', 'L', 'L', 'G', 'PHOS_S', 'P', 'V', 'R', 'A']"
72,18836451.0,KLIDRTESL + PHOS(S8),62.4,Positive,197.0,205.0,lymphocyte-specific protein 1,http://www.ncbi.nlm.nih.gov/protein/AAH01785.1,,half maximal inhibitory concentration (IC50),nM,HLA-A*02:01,"['K', 'L', 'I', 'D', 'R', 'T', 'E', 'PHOS_S', 'L']"
73,18836451.0,RLDSYVRSL + PHOS(S4),44.6,Positive,129.0,137.0,Trafficking protein particle complex subunit 1,https://www.uniprot.org/uniprot/Q9Y5R8.1,,half maximal inhibitory concentration (IC50),nM,HLA-A*02:01,"['R', 'L', 'D', 'PHOS_S', 'Y', 'V', 'R', 'S', 'L']"
74,18836451.0,RVASPTSGV + PHOS(S4),178.5,Positive,1097.0,1105.0,Insulin receptor substrate 2,https://www.uniprot.org/uniprot/Q9Y4H2.2,,half maximal inhibitory concentration (IC50),nM,HLA-A*02:01,"['R', 'V', 'A', 'PHOS_S', 'P', 'T', 'S', 'G', 'V']"
75,18836451.0,RTFSPTYGL + PHOS(S4),32.5,Positive,426.0,434.0,synemin isoform A,http://www.ncbi.nlm.nih.gov/protein/NP_663780.2,,half maximal inhibitory concentration (IC50),nM,HLA-A*02:01,"['R', 'T', 'F', 'PHOS_S', 'P', 'T', 'Y', 'G', 'L']"
76,18836451.0,AQASIELPSM + PHOS(S4),58.7,Positive,,,,,,half maximal inhibitory concentration (IC50),nM,HLA-A*02:01,"['A', 'Q', 'A', 'PHOS_S', 'I', 'E', 'L', 'P', 'S', 'M']"
93,19655751.0,NLVPMVATV + OTH(P4),7330.0,Positive,,,,,,half maximal inhibitory concentration (IC50),nM,HLA-A*02:01,"['N', 'L', 'V', 'OTH_P', 'M', 'V', 'A', 'T', 'V']"
159,25311806.0,"GVAGIGILTG + OTH(G1, V2, G10)",510.0,Positive,,,,,,half maximal inhibitory concentration (IC50),nM,HLA-A*02:01,"['OTH_G', 'OTH_V', 'A', 'G', 'I', 'G', 'I', 'L', 'T', 'OTH_G']"
160,25311806.0,"SVYDFFVWL + OTH(S1, V2)",410.0,Positive,,,,,,dissociation constant KD (~IC50),nM,HLA-A*02:01,"['OTH_S', 'OTH_V', 'Y', 'D', 'F', 'F', 'V', 'W', 'L']"
161,25311806.0,"GLGPTLMCL + OTH(G1, L2)",400.0,Positive,,,,,,dissociation constant KD (~IC50),nM,HLA-A*02:01,"['OTH_G', 'OTH_L', 'G', 'P', 'T', 'L', 'M', 'C', 'L']"
162,25311806.0,"SAAGIGILTV + OTH(S1, A2)",220.0,Positive,,,,,,half maximal inhibitory concentration (IC50),nM,HLA-A*02:01,"['OTH_S', 'OTH_A', 'A', 'G', 'I', 'G', 'I', 'L', 'T', 'V']"
199,25505266.0,SLMDPDTKLIGNMAL + OX(M13),51.0,Positive,7.0,21.0,Actin-related protein 2/3 complex subunit 3,https://www.uniprot.org/uniprot/O15145.3,,half maximal inhibitory concentration (IC50),nM,HLA-A*02:01,"['S', 'L', 'M', 'D', 'P', 'D', 'T', 'K', 'L', 'I', 'G', 'N', 'OX_M', 'A', 'L']"
202,11120772.0,RLDSYVRSL + PHOS(S4),78.0,Positive,129.0,137.0,Trafficking protein particle complex subunit 1,https://www.uniprot.org/uniprot/Q9Y5R8.1,,half maximal inhibitory concentration (IC50),nM,HLA-A*02:01,"['R', 'L', 'D', 'PHOS_S', 'Y', 'V', 'R', 'S', 'L']"
203,11120772.0,GLDSYVRSL + PHOS(S4),58.0,Positive,,,,,,half maximal inhibitory concentration (IC50),nM,HLA-A*02:01,"['G', 'L', 'D', 'PHOS_S', 'Y', 'V', 'R', 'S', 'L']"
204,11120772.0,GLDYYVRSL + PHOS(Y4),211.0,Positive-Intermediate,,,,,,half maximal inhibitory concentration (IC50),nM,HLA-A*02:01,"['G', 'L', 'D', 'PHOS_Y', 'Y', 'V', 'R', 'S', 'L']"
205,11120772.0,GLDTYVRSL + PHOS(T4),67.0,Positive,,,,,,half maximal inhibitory concentration (IC50),nM,HLA-A*02:01,"['G', 'L', 'D', 'PHOS_T', 'Y', 'V', 'R', 'S', 'L']"
247,8144888.0,"GXVPFXVS + INDIST(X2, X6)",11.0,Positive-High,,,unknown protein eluted from human MHC allele,https://ontology.iedb.org/ontology/ONTIE_0002162,,half maximal inhibitory concentration (IC50),nM,HLA-A*02:01,"['G', 'INDIST_X', 'V', 'P', 'F', 'INDIST_X', 'V', 'S']"
251,8144888.0,TLWVDPYEV + INDIST(L2),20.0,Positive-High,101.0,109.0,Protein BTG2,https://www.uniprot.org/uniprot/P78543.1,,half maximal inhibitory concentration (IC50),nM,HLA-A*02:01,"['T', 'INDIST_L', 'W', 'V', 'D', 'P', 'Y', 'E', 'V']"
255,8144888.0,"SXPSGGXGV + INDIST(X2, X7)",214.0,Positive-Intermediate,,,unknown protein eluted from human MHC allele,https://ontology.iedb.org/ontology/ONTIE_0002162,,half maximal inhibitory concentration (IC50),nM,HLA-A*02:01,"['S', 'INDIST_X', 'P', 'S', 'G', 'G', 'INDIST_X', 'G', 'V']"
4081,28263308.0,MLYQHLLPL + OX(M1),2.3,Positive-High,,,alternatively spliced Insulin,https://ontology.iedb.org/ontology/ONTIE_0003294,,half maximal inhibitory concentration (IC50),nM,HLA-A*02:01,"['OX_M', 'L', 'Y', 'Q', 'H', 'L', 'L', 'P', 'L']"
6241,28903331.0,RQASLSISV + PHOS(S4),38.5,Positive,526.0,534.0,Serine/threonine-protein kinase D2,http://www.ncbi.nlm.nih.gov/protein/Q9BZL6.3,,half maximal inhibitory concentration (IC50),nM,HLA-A*02:01,"['R', 'Q', 'A', 'PHOS_S', 'L', 'S', 'I', 'S', 'V']"
6242,28903331.0,RQASIELPSMAV + PHOS(S4),11.2,Positive,249.0,260.0,Lymphocyte-specific protein 1,https://www.uniprot.org/uniprot/P33241.1,,half maximal inhibitory concentration (IC50),nM,HLA-A*02:01,"['R', 'Q', 'A', 'PHOS_S', 'I', 'E', 'L', 'P', 'S', 'M', 'A', 'V']"
6243,28903331.0,RQISQDVKL + PHOS(S4),25.5,Positive,165.0,173.0,AMP deaminase 2,https://www.uniprot.org/uniprot/Q01433.2,,half maximal inhibitory concentration (IC50),nM,HLA-A*02:01,"['R', 'Q', 'I', 'PHOS_S', 'Q', 'D', 'V', 'K', 'L']"
7672,29562882.0,MALWMRLLP + CITR(R6),2117.0,Positive-Low,1.0,9.0,Insulin,https://www.uniprot.org/uniprot/P01308.1,,half maximal inhibitory concentration (IC50),nM,HLA-A*02:01,"['M', 'A', 'L', 'W', 'M', 'CITR_R', 'L', 'L', 'P']"
7673,29562882.0,MALWMRLLPL + CITR(R6),262.0,Positive-Intermediate,1.0,10.0,Insulin,https://www.uniprot.org/uniprot/P01308.1,,half maximal inhibitory concentration (IC50),nM,HLA-A*02:01,"['M', 'A', 'L', 'W', 'M', 'CITR_R', 'L', 'L', 'P', 'L']"
7674,29562882.0,ALWMRLLPL + CITR(R5),28.0,Positive-High,2.0,10.0,Insulin,https://www.uniprot.org/uniprot/P01308.1,,half maximal inhibitory concentration (IC50),nM,HLA-A*02:01,"['A', 'L', 'W', 'M', 'CITR_R', 'L', 'L', 'P', 'L']"
7675,29562882.0,ALWMRLLPLL + CITR(R5),69.0,Positive-Intermediate,2.0,11.0,Insulin,https://www.uniprot.org/uniprot/P01308.1,,half maximal inhibitory concentration (IC50),nM,HLA-A*02:01,"['A', 'L', 'W', 'M', 'CITR_R', 'L', 'L', 'P', 'L', 'L']"
7676,29562882.0,LWMRLLPLL + CITR(R4),148.0,Positive-Intermediate,3.0,11.0,Insulin,https://www.uniprot.org/uniprot/P01308.1,,half maximal inhibitory concentration (IC50),nM,HLA-A*02:01,"['L', 'W', 'M', 'CITR_R', 'L', 'L', 'P', 'L', 'L']"
7677,29562882.0,LWMRLLPLLA + CITR(R4),61.0,Positive-Intermediate,3.0,12.0,Insulin,https://www.uniprot.org/uniprot/P01308.1,,half maximal inhibitory concentration (IC50),nM,HLA-A*02:01,"['L', 'W', 'M', 'CITR_R', 'L', 'L', 'P', 'L', 'L', 'A']"
7678,29562882.0,WMRLLPLLA + CITR(R3),1007.0,Positive-Low,4.0,12.0,Insulin,https://www.uniprot.org/uniprot/P01308.1,,half maximal inhibitory concentration (IC50),nM,HLA-A*02:01,"['W', 'M', 'CITR_R', 'L', 'L', 'P', 'L', 'L', 'A']"
7679,29562882.0,WMRLLPLLAL + CITR(R3),310.0,Positive-Intermediate,4.0,13.0,Insulin,https://www.uniprot.org/uniprot/P01308.1,,half maximal inhibitory concentration (IC50),nM,HLA-A*02:01,"['W', 'M', 'CITR_R', 'L', 'L', 'P', 'L', 'L', 'A', 'L']"
7680,29562882.0,MRLLPLLAL + CITR(R2),1863.0,Positive-Low,5.0,13.0,Insulin,https://www.uniprot.org/uniprot/P01308.1,,half maximal inhibitory concentration (IC50),nM,HLA-A*02:01,"['M', 'CITR_R', 'L', 'L', 'P', 'L', 'L', 'A', 'L']"
7681,29562882.0,MRLLPLLALL + CITR(R2),98.0,Positive-Intermediate,5.0,14.0,Insulin,https://www.uniprot.org/uniprot/P01308.1,,half maximal inhibitory concentration (IC50),nM,HLA-A*02:01,"['M', 'CITR_R', 'L', 'L', 'P', 'L', 'L', 'A', 'L', 'L']"
7682,29562882.0,RLLPLLALL + CITR(R1),83.0,Positive-Intermediate,6.0,14.0,Insulin,https://www.uniprot.org/uniprot/P01308.1,,half maximal inhibitory concentration (IC50),nM,HLA-A*02:01,"['CITR_R', 'L', 'L', 'P', 'L', 'L', 'A', 'L', 'L']"
7683,29562882.0,RLLPLLALLA + CITR(R1),70.0,Positive-Intermediate,6.0,15.0,Insulin,https://www.uniprot.org/uniprot/P01308.1,,half maximal inhibitory concentration (IC50),nM,HLA-A*02:01,"['CITR_R', 'L', 'L', 'P', 'L', 'L', 'A', 'L', 'L', 'A']"
7684,29562882.0,FVNQHLCGS + OX(C7),40000.0,Negative,25.0,33.0,Insulin,https://www.uniprot.org/uniprot/P01308.1,,half maximal inhibitory concentration (IC50),nM,HLA-A*02:01,"['F', 'V', 'N', 'Q', 'H', 'L', 'OX_C', 'G', 'S']"
7685,29562882.0,"FVNQHLCGS + DEAM(N3, Q4)",40000.0,Negative,25.0,33.0,Insulin,https://www.uniprot.org/uniprot/P01308.1,,half maximal inhibitory concentration (IC50),nM,HLA-A*02:01,"['F', 'V', 'DEAM_N', 'DEAM_Q', 'H', 'L', 'C', 'G', 'S']"
7686,29562882.0,"FVNQHLCGS + OX(F1, H5, C7)",40000.0,Negative,25.0,33.0,Insulin,https://www.uniprot.org/uniprot/P01308.1,,half maximal inhibitory concentration (IC50),nM,HLA-A*02:01,"['OX_F', 'V', 'N', 'Q', 'OX_H', 'L', 'OX_C', 'G', 'S']"
7687,29562882.0,FVNQHLCGS + OX(H5),40000.0,Negative,25.0,33.0,Insulin,https://www.uniprot.org/uniprot/P01308.1,,half maximal inhibitory concentration (IC50),nM,HLA-A*02:01,"['F', 'V', 'N', 'Q', 'OX_H', 'L', 'C', 'G', 'S']"
7688,29562882.0,FVNQHLCGSH + OX(C7),40000.0,Negative,25.0,34.0,Insulin,https://www.uniprot.org/uniprot/P01308.1,,half maximal inhibitory concentration (IC50),nM,HLA-A*02:01,"['F', 'V', 'N', 'Q', 'H', 'L', 'OX_C', 'G', 'S', 'H']"
7689,29562882.0,"FVNQHLCGSH + DEAM(N3, Q4)",40000.0,Negative,25.0,34.0,Insulin,https://www.uniprot.org/uniprot/P01308.1,,half maximal inhibitory concentration (IC50),nM,HLA-A*02:01,"['F', 'V', 'DEAM_N', 'DEAM_Q', 'H', 'L', 'C', 'G', 'S', 'H']"
7690,29562882.0,"FVNQHLCGSH + OX(F1, H5, C7)",40000.0,Negative,25.0,34.0,Insulin,https://www.uniprot.org/uniprot/P01308.1,,half maximal inhibitory concentration (IC50),nM,HLA-A*02:01,"['OX_F', 'V', 'N', 'Q', 'OX_H', 'L', 'OX_C', 'G', 'S', 'H']"
7691,29562882.0,FVNQHLCGSH + OX(H5),40000.0,Negative,25.0,34.0,Insulin,https://www.uniprot.org/uniprot/P01308.1,,half maximal inhibitory concentration (IC50),nM,HLA-A*02:01,"['F', 'V', 'N', 'Q', 'OX_H', 'L', 'C', 'G', 'S', 'H']"
7692,29562882.0,VNQHLCGSH + OX(C6),40000.0,Negative,26.0,34.0,Insulin,https://www.uniprot.org/uniprot/P01308.1,,half maximal inhibitory concentration (IC50),nM,HLA-A*02:01,"['V', 'N', 'Q', 'H', 'L', 'OX_C', 'G', 'S', 'H']"
7693,29562882.0,"VNQHLCGSH + DEAM(N2, Q3)",40000.0,Negative,26.0,34.0,Insulin,https://www.uniprot.org/uniprot/P01308.1,,half maximal inhibitory concentration (IC50),nM,HLA-A*02:01,"['V', 'DEAM_N', 'DEAM_Q', 'H', 'L', 'C', 'G', 'S', 'H']"
7694,29562882.0,"VNQHLCGSH + OX(H4, C6, H9)",40000.0,Negative,26.0,34.0,Insulin,https://www.uniprot.org/uniprot/P01308.1,,half maximal inhibitory concentration (IC50),nM,HLA-A*02:01,"['V', 'N', 'Q', 'OX_H', 'L', 'OX_C', 'G', 'S', 'OX_H']"
7695,29562882.0,VNQHLCGSHL + OX(C6),40000.0,Negative,26.0,35.0,Insulin,https://www.uniprot.org/uniprot/P01308.1,,half maximal inhibitory concentration (IC50),nM,HLA-A*02:01,"['V', 'N', 'Q', 'H', 'L', 'OX_C', 'G', 'S', 'H', 'L']"
7696,29562882.0,"VNQHLCGSHL + DEAM(N2, Q3)",40000.0,Negative,26.0,35.0,Insulin,https://www.uniprot.org/uniprot/P01308.1,,half maximal inhibitory concentration (IC50),nM,HLA-A*02:01,"['V', 'DEAM_N', 'DEAM_Q', 'H', 'L', 'C', 'G', 'S', 'H', 'L']"
7697,29562882.0,"VNQHLCGSHL + OX(H4, C6, H9)",40000.0,Negative,26.0,35.0,Insulin,https://www.uniprot.org/uniprot/P01308.1,,half maximal inhibitory concentration (IC50),nM,HLA-A*02:01,"['V', 'N', 'Q', 'OX_H', 'L', 'OX_C', 'G', 'S', 'OX_H', 'L']"
7698,29562882.0,VNQHLCGSHL + OX(H4),40000.0,Negative,26.0,35.0,Insulin,https://www.uniprot.org/uniprot/P01308.1,,half maximal inhibitory concentration (IC50),nM,HLA-A*02:01,"['V', 'N', 'Q', 'OX_H', 'L', 'C', 'G', 'S', 'H', 'L']"
7699,29562882.0,NQHLCGSHL + OX(C5),40000.0,Negative,27.0,35.0,Insulin,https://www.uniprot.org/uniprot/P01308.1,,half maximal inhibitory concentration (IC50),nM,HLA-A*02:01,"['N', 'Q', 'H', 'L', 'OX_C', 'G', 'S', 'H', 'L']"
7700,29562882.0,"NQHLCGSHL + DEAM(N1, Q2)",40000.0,Negative,27.0,35.0,Insulin,https://www.uniprot.org/uniprot/P01308.1,,half maximal inhibitory concentration (IC50),nM,HLA-A*02:01,"['DEAM_N', 'DEAM_Q', 'H', 'L', 'C', 'G', 'S', 'H', 'L']"
7701,29562882.0,"NQHLCGSHL + OX(H3, C5, H8)",40000.0,Negative,27.0,35.0,Insulin,https://www.uniprot.org/uniprot/P01308.1,,half maximal inhibitory concentration (IC50),nM,HLA-A*02:01,"['N', 'Q', 'OX_H', 'L', 'OX_C', 'G', 'S', 'OX_H', 'L']"
7702,29562882.0,NQHLCGSHLV + OX(C5),40000.0,Negative,27.0,36.0,Insulin,https://www.uniprot.org/uniprot/P01308.1,,half maximal inhibitory concentration (IC50),nM,HLA-A*02:01,"['N', 'Q', 'H', 'L', 'OX_C', 'G', 'S', 'H', 'L', 'V']"
7703,29562882.0,"NQHLCGSHLV + DEAM(N1, Q2)",40000.0,Negative,27.0,36.0,Insulin,https://www.uniprot.org/uniprot/P01308.1,,half maximal inhibitory concentration (IC50),nM,HLA-A*02:01,"['DEAM_N', 'DEAM_Q', 'H', 'L', 'C', 'G', 'S', 'H', 'L', 'V']"
7704,29562882.0,"NQHLCGSHLV + OX(H3, C5, H8)",40000.0,Negative,27.0,36.0,Insulin,https://www.uniprot.org/uniprot/P01308.1,,half maximal inhibitory concentration (IC50),nM,HLA-A*02:01,"['N', 'Q', 'OX_H', 'L', 'OX_C', 'G', 'S', 'OX_H', 'L', 'V']"
7705,29562882.0,NQHLCGSHLV + OX(H3),40000.0,Negative,27.0,36.0,Insulin,https://www.uniprot.org/uniprot/P01308.1,,half maximal inhibitory concentration (IC50),nM,HLA-A*02:01,"['N', 'Q', 'OX_H', 'L', 'C', 'G', 'S', 'H', 'L', 'V']"
7706,29562882.0,QHLCGSHLV + DEAM(Q1),7237.0,Positive-Low,28.0,36.0,Insulin,https://www.uniprot.org/uniprot/P01308.1,,half maximal inhibitory concentration (IC50),nM,HLA-A*02:01,"['DEAM_Q', 'H', 'L', 'C', 'G', 'S', 'H', 'L', 'V']"
7707,29562882.0,QHLCGSHLV + OX(C4),37883.0,Positive,28.0,36.0,Insulin,https://www.uniprot.org/uniprot/P01308.1,,half maximal inhibitory concentration (IC50),nM,HLA-A*02:01,"['Q', 'H', 'L', 'OX_C', 'G', 'S', 'H', 'L', 'V']"
7708,29562882.0,"QHLCGSHLV + OX(H2, C4, H7)",40000.0,Negative,28.0,36.0,Insulin,https://www.uniprot.org/uniprot/P01308.1,,half maximal inhibitory concentration (IC50),nM,HLA-A*02:01,"['Q', 'OX_H', 'L', 'OX_C', 'G', 'S', 'OX_H', 'L', 'V']"
7709,29562882.0,QHLCGSHLV + OX(H2),40000.0,Negative,28.0,36.0,Insulin,https://www.uniprot.org/uniprot/P01308.1,,half maximal inhibitory concentration (IC50),nM,HLA-A*02:01,"['Q', 'OX_H', 'L', 'C', 'G', 'S', 'H', 'L', 'V']"
7710,29562882.0,QHLCGSHLV + DEAM(Q1),40000.0,Negative,28.0,36.0,Insulin,https://www.uniprot.org/uniprot/P01308.1,,half maximal inhibitory concentration (IC50),nM,HLA-A*02:01,"['DEAM_Q', 'H', 'L', 'C', 'G', 'S', 'H', 'L', 'V']"
7711,29562882.0,QHLCGSHLVE + OX(C4),40000.0,Negative,28.0,37.0,Insulin,https://www.uniprot.org/uniprot/P01308.1,,half maximal inhibitory concentration (IC50),nM,HLA-A*02:01,"['Q', 'H', 'L', 'OX_C', 'G', 'S', 'H', 'L', 'V', 'E']"
7712,29562882.0,QHLCGSHLVE + DEAM(E1),40000.0,Negative,28.0,37.0,Insulin,https://www.uniprot.org/uniprot/P01308.1,,half maximal inhibitory concentration (IC50),nM,HLA-A*02:01,"['DEAM_E', 'H', 'L', 'C', 'G', 'S', 'H', 'L', 'V', 'E']"
7713,29562882.0,"QHLCGSHLVE + OX(H2, C4, H7)",40000.0,Negative,28.0,37.0,Insulin,https://www.uniprot.org/uniprot/P01308.1,,half maximal inhibitory concentration (IC50),nM,HLA-A*02:01,"['Q', 'OX_H', 'L', 'OX_C', 'G', 'S', 'OX_H', 'L', 'V', 'E']"
7714,29562882.0,QHLCGSHLVE + OX(H2),40000.0,Negative,28.0,37.0,Insulin,https://www.uniprot.org/uniprot/P01308.1,,half maximal inhibitory concentration (IC50),nM,HLA-A*02:01,"['Q', 'OX_H', 'L', 'C', 'G', 'S', 'H', 'L', 'V', 'E']"
7715,29562882.0,QHLCGSHLVE + DEAM(Q1),40000.0,Negative,28.0,37.0,Insulin,https://www.uniprot.org/uniprot/P01308.1,,half maximal inhibitory concentration (IC50),nM,HLA-A*02:01,"['DEAM_Q', 'H', 'L', 'C', 'G', 'S', 'H', 'L', 'V', 'E']"
7716,29562882.0,HLCGSHLVE + OX(C3),40000.0,Negative,29.0,37.0,Insulin,https://www.uniprot.org/uniprot/P01308.1,,half maximal inhibitory concentration (IC50),nM,HLA-A*02:01,"['H', 'L', 'OX_C', 'G', 'S', 'H', 'L', 'V', 'E']"
7717,29562882.0,"HLCGSHLVE + OX(H1, C3, H6)",40000.0,Negative,29.0,37.0,Insulin,https://www.uniprot.org/uniprot/P01308.1,,half maximal inhibitory concentration (IC50),nM,HLA-A*02:01,"['OX_H', 'L', 'OX_C', 'G', 'S', 'OX_H', 'L', 'V', 'E']"
7718,29562882.0,HLCGSHLVE + OX(H1),40000.0,Negative,29.0,37.0,Insulin,https://www.uniprot.org/uniprot/P01308.1,,half maximal inhibitory concentration (IC50),nM,HLA-A*02:01,"['OX_H', 'L', 'C', 'G', 'S', 'H', 'L', 'V', 'E']"
7719,29562882.0,HLCGSHLVEA + OX(C3),6210.0,Positive-Low,29.0,38.0,Insulin,https://www.uniprot.org/uniprot/P01308.1,,half maximal inhibitory concentration (IC50),nM,HLA-A*02:01,"['H', 'L', 'OX_C', 'G', 'S', 'H', 'L', 'V', 'E', 'A']"
7720,29562882.0,"HLCGSHLVEA + OX(H1, C3, H6)",10687.0,Positive-Low,29.0,38.0,Insulin,https://www.uniprot.org/uniprot/P01308.1,,half maximal inhibitory concentration (IC50),nM,HLA-A*02:01,"['OX_H', 'L', 'OX_C', 'G', 'S', 'OX_H', 'L', 'V', 'E', 'A']"
7721,29562882.0,HLCGSHLVEA + OX(H1),11800.0,Positive-Low,29.0,38.0,Insulin,https://www.uniprot.org/uniprot/P01308.1,,half maximal inhibitory concentration (IC50),nM,HLA-A*02:01,"['OX_H', 'L', 'C', 'G', 'S', 'H', 'L', 'V', 'E', 'A']"
7722,29562882.0,LCGSHLVEA + OX(C2),14796.0,Positive-Low,30.0,38.0,Insulin,https://www.uniprot.org/uniprot/P01308.1,,half maximal inhibitory concentration (IC50),nM,HLA-A*02:01,"['L', 'OX_C', 'G', 'S', 'H', 'L', 'V', 'E', 'A']"
7723,29562882.0,"LCGSHLVEA + OX(C2, H5)",13270.0,Positive-Low,30.0,38.0,Insulin,https://www.uniprot.org/uniprot/P01308.1,,half maximal inhibitory concentration (IC50),nM,HLA-A*02:01,"['L', 'OX_C', 'G', 'S', 'OX_H', 'L', 'V', 'E', 'A']"
7724,29562882.0,LCGSHLVEAL + OX(C2),40000.0,Negative,30.0,39.0,Insulin,https://www.uniprot.org/uniprot/P01308.1,,half maximal inhibitory concentration (IC50),nM,HLA-A*02:01,"['L', 'OX_C', 'G', 'S', 'H', 'L', 'V', 'E', 'A', 'L']"
7725,29562882.0,"LCGSHLVEAL + OX(C2, H5)",40000.0,Negative,30.0,39.0,Insulin,https://www.uniprot.org/uniprot/P01308.1,,half maximal inhibitory concentration (IC50),nM,HLA-A*02:01,"['L', 'OX_C', 'G', 'S', 'OX_H', 'L', 'V', 'E', 'A', 'L']"
7726,29562882.0,CGSHLVEAL + OX(C1),40000.0,Negative,31.0,39.0,Insulin,https://www.uniprot.org/uniprot/P01308.1,,half maximal inhibitory concentration (IC50),nM,HLA-A*02:01,"['OX_C', 'G', 'S', 'H', 'L', 'V', 'E', 'A', 'L']"
7727,29562882.0,"CGSHLVEAL + OX(C1, H4)",40000.0,Negative,31.0,39.0,Insulin,https://www.uniprot.org/uniprot/P01308.1,,half maximal inhibitory concentration (IC50),nM,HLA-A*02:01,"['OX_C', 'G', 'S', 'OX_H', 'L', 'V', 'E', 'A', 'L']"
7728,29562882.0,CGSHLVEALY + OX(C1),8043.0,Positive-Low,31.0,40.0,Insulin,https://www.uniprot.org/uniprot/P01308.1,,half maximal inhibitory concentration (IC50),nM,HLA-A*02:01,"['OX_C', 'G', 'S', 'H', 'L', 'V', 'E', 'A', 'L', 'Y']"
7729,29562882.0,CGSHLVEALY + SCM(Y10),38276.0,Positive,31.0,40.0,Insulin,https://www.uniprot.org/uniprot/P01308.1,,half maximal inhibitory concentration (IC50),nM,HLA-A*02:01,"['C', 'G', 'S', 'H', 'L', 'V', 'E', 'A', 'L', 'SCM_Y']"
7730,29562882.0,"CGSHLVEALY + OX(C1, H4)",40000.0,Negative,31.0,40.0,Insulin,https://www.uniprot.org/uniprot/P01308.1,,half maximal inhibitory concentration (IC50),nM,HLA-A*02:01,"['OX_C', 'G', 'S', 'OX_H', 'L', 'V', 'E', 'A', 'L', 'Y']"
7731,29562882.0,GSHLVEALY + SCM(Y9),30634.0,Positive-Low,32.0,40.0,Insulin,https://www.uniprot.org/uniprot/P01308.1,,half maximal inhibitory concentration (IC50),nM,HLA-A*02:01,"['G', 'S', 'H', 'L', 'V', 'E', 'A', 'L', 'SCM_Y']"
7732,29562882.0,GSHLVEALYL + SCM(Y9),6837.0,Positive-Low,32.0,41.0,Insulin,https://www.uniprot.org/uniprot/P01308.1,,half maximal inhibitory concentration (IC50),nM,HLA-A*02:01,"['G', 'S', 'H', 'L', 'V', 'E', 'A', 'L', 'SCM_Y', 'L']"
7733,29562882.0,SHLVEALYL + SCM(Y8),445.0,Positive-Intermediate,33.0,41.0,Insulin,https://www.uniprot.org/uniprot/P01308.1,,half maximal inhibitory concentration (IC50),nM,HLA-A*02:01,"['S', 'H', 'L', 'V', 'E', 'A', 'L', 'SCM_Y', 'L']"
7734,29562882.0,SHLVEALYLV + SCM(Y8),1066.0,Positive-Low,33.0,42.0,Insulin,https://www.uniprot.org/uniprot/P01308.1,,half maximal inhibitory concentration (IC50),nM,HLA-A*02:01,"['S', 'H', 'L', 'V', 'E', 'A', 'L', 'SCM_Y', 'L', 'V']"
7735,29562882.0,HLVEALYLV + SCM(Y7),55.0,Positive-Intermediate,34.0,42.0,Insulin,https://www.uniprot.org/uniprot/P01308.1,,half maximal inhibitory concentration (IC50),nM,HLA-A*02:01,"['H', 'L', 'V', 'E', 'A', 'L', 'SCM_Y', 'L', 'V']"
7736,29562882.0,HLVEALYLVC + SCM(Y7),2132.0,Positive-Low,34.0,43.0,Insulin,https://www.uniprot.org/uniprot/P01308.1,,half maximal inhibitory concentration (IC50),nM,HLA-A*02:01,"['H', 'L', 'V', 'E', 'A', 'L', 'SCM_Y', 'L', 'V', 'C']"
7737,29562882.0,LVEALYLVC + SCM(Y6),11768.0,Positive-Low,35.0,43.0,Insulin,https://www.uniprot.org/uniprot/P01308.1,,half maximal inhibitory concentration (IC50),nM,HLA-A*02:01,"['L', 'V', 'E', 'A', 'L', 'SCM_Y', 'L', 'V', 'C']"
7738,29562882.0,LVEALYLVCG + SCM(Y6),15300.0,Positive-Low,35.0,44.0,Insulin,https://www.uniprot.org/uniprot/P01308.1,,half maximal inhibitory concentration (IC50),nM,HLA-A*02:01,"['L', 'V', 'E', 'A', 'L', 'SCM_Y', 'L', 'V', 'C', 'G']"
7739,29562882.0,VEALYLVCG + SCM(Y5),18759.0,Positive-Low,36.0,44.0,Insulin,https://www.uniprot.org/uniprot/P01308.1,,half maximal inhibitory concentration (IC50),nM,HLA-A*02:01,"['V', 'E', 'A', 'L', 'SCM_Y', 'L', 'V', 'C', 'G']"
7740,29562882.0,VEALYLVCGE + SCM(Y5),40000.0,Negative,36.0,45.0,Insulin,https://www.uniprot.org/uniprot/P01308.1,,half maximal inhibitory concentration (IC50),nM,HLA-A*02:01,"['V', 'E', 'A', 'L', 'SCM_Y', 'L', 'V', 'C', 'G', 'E']"
7741,29562882.0,EALYLVCGE + SCM(Y4),13342.0,Positive-Low,37.0,45.0,Insulin,https://www.uniprot.org/uniprot/P01308.1,,half maximal inhibitory concentration (IC50),nM,HLA-A*02:01,"['E', 'A', 'L', 'SCM_Y', 'L', 'V', 'C', 'G', 'E']"
7742,29562882.0,EALYLVCGER + CITR(R10),3100.0,Positive-Low,37.0,46.0,Insulin,https://www.uniprot.org/uniprot/P01308.1,,half maximal inhibitory concentration (IC50),nM,HLA-A*02:01,"['E', 'A', 'L', 'Y', 'L', 'V', 'C', 'G', 'E', 'CITR_R']"
7743,29562882.0,EALYLVCGER + SCM(Y4),8562.0,Positive-Low,37.0,46.0,Insulin,https://www.uniprot.org/uniprot/P01308.1,,half maximal inhibitory concentration (IC50),nM,HLA-A*02:01,"['E', 'A', 'L', 'SCM_Y', 'L', 'V', 'C', 'G', 'E', 'R']"
7744,29562882.0,ALYLVCGER + SCM(Y3),2988.0,Positive-Low,38.0,46.0,Insulin,https://www.uniprot.org/uniprot/P01308.1,,half maximal inhibitory concentration (IC50),nM,HLA-A*02:01,"['A', 'L', 'SCM_Y', 'L', 'V', 'C', 'G', 'E', 'R']"
7745,29562882.0,ALYLVCGER + CITR(R9),1241.0,Positive-Low,38.0,46.0,Insulin,https://www.uniprot.org/uniprot/P01308.1,,half maximal inhibitory concentration (IC50),nM,HLA-A*02:01,"['A', 'L', 'Y', 'L', 'V', 'C', 'G', 'E', 'CITR_R']"
7746,29562882.0,ALYLVCGERG + SCM(Y3),2734.0,Positive-Low,38.0,47.0,Insulin,https://www.uniprot.org/uniprot/P01308.1,,half maximal inhibitory concentration (IC50),nM,HLA-A*02:01,"['A', 'L', 'SCM_Y', 'L', 'V', 'C', 'G', 'E', 'R', 'G']"
7747,29562882.0,ALYLVCGERG + CITR(R9),9076.0,Positive-Low,38.0,47.0,Insulin,https://www.uniprot.org/uniprot/P01308.1,,half maximal inhibitory concentration (IC50),nM,HLA-A*02:01,"['A', 'L', 'Y', 'L', 'V', 'C', 'G', 'E', 'CITR_R', 'G']"
7748,29562882.0,LYLVCGERG + CITR(R8),12493.0,Positive-Low,39.0,47.0,Insulin,https://www.uniprot.org/uniprot/P01308.1,,half maximal inhibitory concentration (IC50),nM,HLA-A*02:01,"['L', 'Y', 'L', 'V', 'C', 'G', 'E', 'CITR_R', 'G']"
7749,29562882.0,LYLVCGERG + SCM(Y2),19307.0,Positive-Low,39.0,47.0,Insulin,https://www.uniprot.org/uniprot/P01308.1,,half maximal inhibitory concentration (IC50),nM,HLA-A*02:01,"['L', 'SCM_Y', 'L', 'V', 'C', 'G', 'E', 'R', 'G']"
7750,29562882.0,LYLVCGERGF + SCM(Y2),14255.0,Positive-Low,39.0,48.0,Insulin,https://www.uniprot.org/uniprot/P01308.1,,half maximal inhibitory concentration (IC50),nM,HLA-A*02:01,"['L', 'SCM_Y', 'L', 'V', 'C', 'G', 'E', 'R', 'G', 'F']"
7751,29562882.0,LYLVCGERGF + CITR(R8),18784.0,Positive-Low,39.0,48.0,Insulin,https://www.uniprot.org/uniprot/P01308.1,,half maximal inhibitory concentration (IC50),nM,HLA-A*02:01,"['L', 'Y', 'L', 'V', 'C', 'G', 'E', 'CITR_R', 'G', 'F']"
7752,29562882.0,LYLVCGERGF + OX(F10),40000.0,Negative,39.0,48.0,Insulin,https://www.uniprot.org/uniprot/P01308.1,,half maximal inhibitory concentration (IC50),nM,HLA-A*02:01,"['L', 'Y', 'L', 'V', 'C', 'G', 'E', 'R', 'G', 'OX_F']"
7753,29562882.0,"LYLVCGERGF + OX(C5, F10)",35512.0,Positive,39.0,48.0,Insulin,https://www.uniprot.org/uniprot/P01308.1,,half maximal inhibitory concentration (IC50),nM,HLA-A*02:01,"['L', 'Y', 'L', 'V', 'OX_C', 'G', 'E', 'R', 'G', 'OX_F']"
7754,29562882.0,YLVCGERGF + SCM(Y1),3163.0,Positive-Low,40.0,48.0,Insulin,https://www.uniprot.org/uniprot/P01308.1,,half maximal inhibitory concentration (IC50),nM,HLA-A*02:01,"['SCM_Y', 'L', 'V', 'C', 'G', 'E', 'R', 'G', 'F']"
7755,29562882.0,"YLVCGERGF + OX(C4, F9)",3244.0,Positive-Low,40.0,48.0,Insulin,https://www.uniprot.org/uniprot/P01308.1,,half maximal inhibitory concentration (IC50),nM,HLA-A*02:01,"['Y', 'L', 'V', 'OX_C', 'G', 'E', 'R', 'G', 'OX_F']"
7756,29562882.0,YLVCGERGF + CITR(R7),11365.0,Positive-Low,40.0,48.0,Insulin,https://www.uniprot.org/uniprot/P01308.1,,half maximal inhibitory concentration (IC50),nM,HLA-A*02:01,"['Y', 'L', 'V', 'C', 'G', 'E', 'CITR_R', 'G', 'F']"
7757,29562882.0,YLVCGERGF + OX(F9),10814.0,Positive-Low,40.0,48.0,Insulin,https://www.uniprot.org/uniprot/P01308.1,,half maximal inhibitory concentration (IC50),nM,HLA-A*02:01,"['Y', 'L', 'V', 'C', 'G', 'E', 'R', 'G', 'OX_F']"
7758,29562882.0,YLVCGERGFF + SCM(Y1),1690.0,Positive-Low,40.0,49.0,Insulin,https://www.uniprot.org/uniprot/P01308.1,,half maximal inhibitory concentration (IC50),nM,HLA-A*02:01,"['SCM_Y', 'L', 'V', 'C', 'G', 'E', 'R', 'G', 'F', 'F']"
7759,29562882.0,YLVCGERGFF + CITR(R7),2617.0,Positive-Low,40.0,49.0,Insulin,https://www.uniprot.org/uniprot/P01308.1,,half maximal inhibitory concentration (IC50),nM,HLA-A*02:01,"['Y', 'L', 'V', 'C', 'G', 'E', 'CITR_R', 'G', 'F', 'F']"
7760,29562882.0,YLVCGERGFF + OX(Y10),2009.0,Positive-Low,40.0,49.0,Insulin,https://www.uniprot.org/uniprot/P01308.1,,half maximal inhibitory concentration (IC50),nM,HLA-A*02:01,"['Y', 'L', 'V', 'C', 'G', 'E', 'R', 'G', 'F', 'OX_Y']"
7761,29562882.0,"YLVCGERGFF + OX(C4, F9, F10)",2421.0,Positive-Low,40.0,49.0,Insulin,https://www.uniprot.org/uniprot/P01308.1,,half maximal inhibitory concentration (IC50),nM,HLA-A*02:01,"['Y', 'L', 'V', 'OX_C', 'G', 'E', 'R', 'G', 'OX_F', 'OX_F']"
7762,29562882.0,LVCGERGFF + CITR(R6),40000.0,Negative,41.0,49.0,Insulin,https://www.uniprot.org/uniprot/P01308.1,,half maximal inhibitory concentration (IC50),nM,HLA-A*02:01,"['L', 'V', 'C', 'G', 'E', 'CITR_R', 'G', 'F', 'F']"
7763,29562882.0,LVCGERGFF + OX(F9),40000.0,Negative,41.0,49.0,Insulin,https://www.uniprot.org/uniprot/P01308.1,,half maximal inhibitory concentration (IC50),nM,HLA-A*02:01,"['L', 'V', 'C', 'G', 'E', 'R', 'G', 'F', 'OX_F']"
7764,29562882.0,"LVCGERGFF + OX(C3, F8, F9)",40000.0,Negative,41.0,49.0,Insulin,https://www.uniprot.org/uniprot/P01308.1,,half maximal inhibitory concentration (IC50),nM,HLA-A*02:01,"['L', 'V', 'OX_C', 'G', 'E', 'R', 'G', 'OX_F', 'OX_F']"
7765,29562882.0,LVCGERGFFY + SCM(Y10),27675.0,Positive-Low,41.0,50.0,Insulin,https://www.uniprot.org/uniprot/P01308.1,,half maximal inhibitory concentration (IC50),nM,HLA-A*02:01,"['L', 'V', 'C', 'G', 'E', 'R', 'G', 'F', 'F', 'SCM_Y']"
7766,29562882.0,LVCGERGFFY + CITR(R6),40000.0,Negative,41.0,50.0,Insulin,https://www.uniprot.org/uniprot/P01308.1,,half maximal inhibitory concentration (IC50),nM,HLA-A*02:01,"['L', 'V', 'C', 'G', 'E', 'CITR_R', 'G', 'F', 'F', 'Y']"
7767,29562882.0,LVCGERGFFY + OX(F8),40000.0,Negative,41.0,50.0,Insulin,https://www.uniprot.org/uniprot/P01308.1,,half maximal inhibitory concentration (IC50),nM,HLA-A*02:01,"['L', 'V', 'C', 'G', 'E', 'R', 'G', 'OX_F', 'F', 'Y']"
7768,29562882.0,"LVCGERGFFY + OX(C3, F8, F9)",40000.0,Negative,41.0,50.0,Insulin,https://www.uniprot.org/uniprot/P01308.1,,half maximal inhibitory concentration (IC50),nM,HLA-A*02:01,"['L', 'V', 'OX_C', 'G', 'E', 'R', 'G', 'OX_F', 'OX_F', 'Y']"
7769,29562882.0,VCGERGFFY + SCM(Y9),40000.0,Negative,42.0,50.0,Insulin,https://www.uniprot.org/uniprot/P01308.1,,half maximal inhibitory concentration (IC50),nM,HLA-A*02:01,"['V', 'C', 'G', 'E', 'R', 'G', 'F', 'F', 'SCM_Y']"
7770,29562882.0,VCGERGFFY + CITR(R5),33476.0,Positive-Low,42.0,50.0,Insulin,https://www.uniprot.org/uniprot/P01308.1,,half maximal inhibitory concentration (IC50),nM,HLA-A*02:01,"['V', 'C', 'G', 'E', 'CITR_R', 'G', 'F', 'F', 'Y']"
7771,29562882.0,VCGERGFFY + OX(F7),40000.0,Negative,42.0,50.0,Insulin,https://www.uniprot.org/uniprot/P01308.1,,half maximal inhibitory concentration (IC50),nM,HLA-A*02:01,"['V', 'C', 'G', 'E', 'R', 'G', 'OX_F', 'F', 'Y']"
7772,29562882.0,"VCGERGFFY + OX(C2, F7, F8)",40000.0,Negative,42.0,50.0,Insulin,https://www.uniprot.org/uniprot/P01308.1,,half maximal inhibitory concentration (IC50),nM,HLA-A*02:01,"['V', 'OX_C', 'G', 'E', 'R', 'G', 'OX_F', 'OX_F', 'Y']"
7773,29562882.0,VCGERGFFYT + SCM(Y9),40000.0,Negative,42.0,51.0,Insulin,https://www.uniprot.org/uniprot/P01308.1,,half maximal inhibitory concentration (IC50),nM,HLA-A*02:01,"['V', 'C', 'G', 'E', 'R', 'G', 'F', 'F', 'SCM_Y', 'T']"
7774,29562882.0,VCGERGFFYT + CITR(R5),40000.0,Negative,42.0,51.0,Insulin,https://www.uniprot.org/uniprot/P01308.1,,half maximal inhibitory concentration (IC50),nM,HLA-A*02:01,"['V', 'C', 'G', 'E', 'CITR_R', 'G', 'F', 'F', 'Y', 'T']"
7775,29562882.0,VCGERGFFYT + OX(F7),40000.0,Negative,42.0,51.0,Insulin,https://www.uniprot.org/uniprot/P01308.1,,half maximal inhibitory concentration (IC50),nM,HLA-A*02:01,"['V', 'C', 'G', 'E', 'R', 'G', 'OX_F', 'F', 'Y', 'T']"
7776,29562882.0,"VCGERGFFYT + OX(C2, F7, F8)",40000.0,Negative,42.0,51.0,Insulin,https://www.uniprot.org/uniprot/P01308.1,,half maximal inhibitory concentration (IC50),nM,HLA-A*02:01,"['V', 'OX_C', 'G', 'E', 'R', 'G', 'OX_F', 'OX_F', 'Y', 'T']"
7777,29562882.0,CGERGFFYT + SCM(Y8),38400.0,Positive,43.0,51.0,Insulin,https://www.uniprot.org/uniprot/P01308.1,,half maximal inhibitory concentration (IC50),nM,HLA-A*02:01,"['C', 'G', 'E', 'R', 'G', 'F', 'F', 'SCM_Y', 'T']"
7778,29562882.0,CGERGFFYT + CITR(R4),40000.0,Negative,43.0,51.0,Insulin,https://www.uniprot.org/uniprot/P01308.1,,half maximal inhibitory concentration (IC50),nM,HLA-A*02:01,"['C', 'G', 'E', 'CITR_R', 'G', 'F', 'F', 'Y', 'T']"
7779,29562882.0,CGERGFFYT + OX(F6),26255.0,Positive-Low,43.0,51.0,Insulin,https://www.uniprot.org/uniprot/P01308.1,,half maximal inhibitory concentration (IC50),nM,HLA-A*02:01,"['C', 'G', 'E', 'R', 'G', 'OX_F', 'F', 'Y', 'T']"
7780,29562882.0,"CGERGFFYT + OX(C1, F6, F7)",40000.0,Negative,43.0,51.0,Insulin,https://www.uniprot.org/uniprot/P01308.1,,half maximal inhibitory concentration (IC50),nM,HLA-A*02:01,"['OX_C', 'G', 'E', 'R', 'G', 'OX_F', 'OX_F', 'Y', 'T']"
7781,29562882.0,CGERGFFYTP + SCM(Y8),27807.0,Positive-Low,43.0,52.0,Insulin,https://www.uniprot.org/uniprot/P01308.1,,half maximal inhibitory concentration (IC50),nM,HLA-A*02:01,"['C', 'G', 'E', 'R', 'G', 'F', 'F', 'SCM_Y', 'T', 'P']"
7782,29562882.0,CGERGFFYTP + CITR(R4),40000.0,Negative,43.0,52.0,Insulin,https://www.uniprot.org/uniprot/P01308.1,,half maximal inhibitory concentration (IC50),nM,HLA-A*02:01,"['C', 'G', 'E', 'CITR_R', 'G', 'F', 'F', 'Y', 'T', 'P']"
7783,29562882.0,CGERGFFYTP + OX(F6),40000.0,Negative,43.0,52.0,Insulin,https://www.uniprot.org/uniprot/P01308.1,,half maximal inhibitory concentration (IC50),nM,HLA-A*02:01,"['C', 'G', 'E', 'R', 'G', 'OX_F', 'F', 'Y', 'T', 'P']"
7784,29562882.0,"CGERGFFYTP + OX(C1, F6, F7)",40000.0,Negative,43.0,52.0,Insulin,https://www.uniprot.org/uniprot/P01308.1,,half maximal inhibitory concentration (IC50),nM,HLA-A*02:01,"['OX_C', 'G', 'E', 'R', 'G', 'OX_F', 'OX_F', 'Y', 'T', 'P']"
7785,29562882.0,GERGFFYTP + SCM(Y7),40000.0,Negative,44.0,52.0,Insulin,https://www.uniprot.org/uniprot/P01308.1,,half maximal inhibitory concentration (IC50),nM,HLA-A*02:01,"['G', 'E', 'R', 'G', 'F', 'F', 'SCM_Y', 'T', 'P']"
7786,29562882.0,GERGFFYTP + CITR(R3),40000.0,Negative,44.0,52.0,Insulin,https://www.uniprot.org/uniprot/P01308.1,,half maximal inhibitory concentration (IC50),nM,HLA-A*02:01,"['G', 'E', 'CITR_R', 'G', 'F', 'F', 'Y', 'T', 'P']"
7787,29562882.0,GERGFFYTP + OX(F5),40000.0,Negative,44.0,52.0,Insulin,https://www.uniprot.org/uniprot/P01308.1,,half maximal inhibitory concentration (IC50),nM,HLA-A*02:01,"['G', 'E', 'R', 'G', 'OX_F', 'F', 'Y', 'T', 'P']"
7788,29562882.0,"GERGFFYTP + OX(F5, F6)",40000.0,Negative,44.0,52.0,Insulin,https://www.uniprot.org/uniprot/P01308.1,,half maximal inhibitory concentration (IC50),nM,HLA-A*02:01,"['G', 'E', 'R', 'G', 'OX_F', 'OX_F', 'Y', 'T', 'P']"
7789,29562882.0,GERGFFYTPK + SCM(Y7),40000.0,Negative,44.0,53.0,Insulin,https://www.uniprot.org/uniprot/P01308.1,,half maximal inhibitory concentration (IC50),nM,HLA-A*02:01,"['G', 'E', 'R', 'G', 'F', 'F', 'SCM_Y', 'T', 'P', 'K']"
7790,29562882.0,GERGFFYTPK + CITR(R3),40000.0,Negative,44.0,53.0,Insulin,https://www.uniprot.org/uniprot/P01308.1,,half maximal inhibitory concentration (IC50),nM,HLA-A*02:01,"['G', 'E', 'CITR_R', 'G', 'F', 'F', 'Y', 'T', 'P', 'K']"
7791,29562882.0,GERGFFYTPK + OX(F5),40000.0,Negative,44.0,53.0,Insulin,https://www.uniprot.org/uniprot/P01308.1,,half maximal inhibitory concentration (IC50),nM,HLA-A*02:01,"['G', 'E', 'R', 'G', 'OX_F', 'F', 'Y', 'T', 'P', 'K']"
7792,29562882.0,"GERGFFYTPK + OX(Y5, Y6)",40000.0,Negative,44.0,53.0,Insulin,https://www.uniprot.org/uniprot/P01308.1,,half maximal inhibitory concentration (IC50),nM,HLA-A*02:01,"['G', 'E', 'R', 'G', 'OX_Y', 'OX_Y', 'Y', 'T', 'P', 'K']"
7793,29562882.0,ERGFFYTPK + SCM(Y6),40000.0,Negative,45.0,53.0,Insulin,https://www.uniprot.org/uniprot/P01308.1,,half maximal inhibitory concentration (IC50),nM,HLA-A*02:01,"['E', 'R', 'G', 'F', 'F', 'SCM_Y', 'T', 'P', 'K']"
7794,29562882.0,ERGFFYTPK + CITR(R2),38093.0,Positive,45.0,53.0,Insulin,https://www.uniprot.org/uniprot/P01308.1,,half maximal inhibitory concentration (IC50),nM,HLA-A*02:01,"['E', 'CITR_R', 'G', 'F', 'F', 'Y', 'T', 'P', 'K']"
7795,29562882.0,ERGFFYTPK + OX(F4),40000.0,Negative,45.0,53.0,Insulin,https://www.uniprot.org/uniprot/P01308.1,,half maximal inhibitory concentration (IC50),nM,HLA-A*02:01,"['E', 'R', 'G', 'OX_F', 'F', 'Y', 'T', 'P', 'K']"
7796,29562882.0,"ERGFFYTPK + OX(F4, F5)",40000.0,Negative,45.0,53.0,Insulin,https://www.uniprot.org/uniprot/P01308.1,,half maximal inhibitory concentration (IC50),nM,HLA-A*02:01,"['E', 'R', 'G', 'OX_F', 'OX_F', 'Y', 'T', 'P', 'K']"
7797,29562882.0,"ERGFFYTPKT + OX(F4, F5)",5730.0,Positive-Low,45.0,54.0,Insulin,https://www.uniprot.org/uniprot/P01308.1,,half maximal inhibitory concentration (IC50),nM,HLA-A*02:01,"['E', 'R', 'G', 'OX_F', 'OX_F', 'Y', 'T', 'P', 'K', 'T']"
7798,29562882.0,ERGFFYTPKT + SCM(Y6),40000.0,Negative,45.0,54.0,Insulin,https://www.uniprot.org/uniprot/P01308.1,,half maximal inhibitory concentration (IC50),nM,HLA-A*02:01,"['E', 'R', 'G', 'F', 'F', 'SCM_Y', 'T', 'P', 'K', 'T']"
7799,29562882.0,ERGFFYTPKT + CITR(R2),36308.0,Positive,45.0,54.0,Insulin,https://www.uniprot.org/uniprot/P01308.1,,half maximal inhibitory concentration (IC50),nM,HLA-A*02:01,"['E', 'CITR_R', 'G', 'F', 'F', 'Y', 'T', 'P', 'K', 'T']"
7800,29562882.0,ERGFFYTPKT + OX(F4),40000.0,Negative,45.0,54.0,Insulin,https://www.uniprot.org/uniprot/P01308.1,,half maximal inhibitory concentration (IC50),nM,HLA-A*02:01,"['E', 'R', 'G', 'OX_F', 'F', 'Y', 'T', 'P', 'K', 'T']"
7801,29562882.0,"RGFFYTPKT + OX(F3, F4)",8805.0,Positive-Low,46.0,54.0,Insulin,https://www.uniprot.org/uniprot/P01308.1,,half maximal inhibitory concentration (IC50),nM,HLA-A*02:01,"['R', 'G', 'OX_F', 'OX_F', 'Y', 'T', 'P', 'K', 'T']"
7802,29562882.0,RGFFYTPKT + SCM(Y5),40000.0,Negative,46.0,54.0,Insulin,https://www.uniprot.org/uniprot/P01308.1,,half maximal inhibitory concentration (IC50),nM,HLA-A*02:01,"['R', 'G', 'F', 'F', 'SCM_Y', 'T', 'P', 'K', 'T']"
7803,29562882.0,RGFFYTPKT + CITR(R1),27300.0,Positive-Low,46.0,54.0,Insulin,https://www.uniprot.org/uniprot/P01308.1,,half maximal inhibitory concentration (IC50),nM,HLA-A*02:01,"['CITR_R', 'G', 'F', 'F', 'Y', 'T', 'P', 'K', 'T']"
7804,29562882.0,RGFFYTPKT + OX(F3),40000.0,Negative,46.0,54.0,Insulin,https://www.uniprot.org/uniprot/P01308.1,,half maximal inhibitory concentration (IC50),nM,HLA-A*02:01,"['R', 'G', 'OX_F', 'F', 'Y', 'T', 'P', 'K', 'T']"
7805,29562882.0,RGFFYTPKTR + CITR(R1),40000.0,Negative,46.0,55.0,Insulin,https://www.uniprot.org/uniprot/P01308.1,,half maximal inhibitory concentration (IC50),nM,HLA-A*02:01,"['CITR_R', 'G', 'F', 'F', 'Y', 'T', 'P', 'K', 'T', 'R']"
7806,29562882.0,GFFYTPKTR + CITR(R9),38420.0,Positive,47.0,55.0,Insulin,https://www.uniprot.org/uniprot/P01308.1,,half maximal inhibitory concentration (IC50),nM,HLA-A*02:01,"['G', 'F', 'F', 'Y', 'T', 'P', 'K', 'T', 'CITR_R']"
7807,29562882.0,GFFYTPKTRR + CITR(R9),40000.0,Negative,47.0,56.0,Insulin,https://www.uniprot.org/uniprot/P01308.1,,half maximal inhibitory concentration (IC50),nM,HLA-A*02:01,"['G', 'F', 'F', 'Y', 'T', 'P', 'K', 'T', 'CITR_R', 'R']"
7808,29562882.0,FFYTPKTRR + CITR(R8),40000.0,Negative,48.0,56.0,Insulin,https://www.uniprot.org/uniprot/P01308.1,,half maximal inhibitory concentration (IC50),nM,HLA-A*02:01,"['F', 'F', 'Y', 'T', 'P', 'K', 'T', 'CITR_R', 'R']"
7809,29562882.0,FFYTPKTRRE + CITR(R8),28285.0,Positive-Low,48.0,57.0,Insulin,https://www.uniprot.org/uniprot/P01308.1,,half maximal inhibitory concentration (IC50),nM,HLA-A*02:01,"['F', 'F', 'Y', 'T', 'P', 'K', 'T', 'CITR_R', 'R', 'E']"
7810,29562882.0,FYTPKTRRE + CITR(R7),40000.0,Negative,49.0,57.0,Insulin,https://www.uniprot.org/uniprot/P01308.1,,half maximal inhibitory concentration (IC50),nM,HLA-A*02:01,"['F', 'Y', 'T', 'P', 'K', 'T', 'CITR_R', 'R', 'E']"
7811,29562882.0,FYTPKTRREA + CITR(R7),40000.0,Negative,49.0,58.0,Insulin,https://www.uniprot.org/uniprot/P01308.1,,half maximal inhibitory concentration (IC50),nM,HLA-A*02:01,"['F', 'Y', 'T', 'P', 'K', 'T', 'CITR_R', 'R', 'E', 'A']"
7812,29562882.0,YTPKTRREA + CITR(R6),34672.0,Positive,50.0,58.0,Insulin,https://www.uniprot.org/uniprot/P01308.1,,half maximal inhibitory concentration (IC50),nM,HLA-A*02:01,"['Y', 'T', 'P', 'K', 'T', 'CITR_R', 'R', 'E', 'A']"
7813,29562882.0,YTPKTRREAE + CITR(R6),40000.0,Negative,50.0,59.0,Insulin,https://www.uniprot.org/uniprot/P01308.1,,half maximal inhibitory concentration (IC50),nM,HLA-A*02:01,"['Y', 'T', 'P', 'K', 'T', 'CITR_R', 'R', 'E', 'A', 'E']"
7814,29562882.0,TPKTRREAE + CITR(R5),40000.0,Negative,51.0,59.0,Insulin,https://www.uniprot.org/uniprot/P01308.1,,half maximal inhibitory concentration (IC50),nM,HLA-A*02:01,"['T', 'P', 'K', 'T', 'CITR_R', 'R', 'E', 'A', 'E']"
7815,29562882.0,TPKTRREAED + CITR(R5),40000.0,Negative,51.0,60.0,Insulin,https://www.uniprot.org/uniprot/P01308.1,,half maximal inhibitory concentration (IC50),nM,HLA-A*02:01,"['T', 'P', 'K', 'T', 'CITR_R', 'R', 'E', 'A', 'E', 'D']"
7816,29562882.0,PKTRREAED + CITR(R4),40000.0,Negative,52.0,60.0,Insulin,https://www.uniprot.org/uniprot/P01308.1,,half maximal inhibitory concentration (IC50),nM,HLA-A*02:01,"['P', 'K', 'T', 'CITR_R', 'R', 'E', 'A', 'E', 'D']"
7817,29562882.0,PKTRREAEDL + CITR(R4),40000.0,Negative,52.0,61.0,Insulin,https://www.uniprot.org/uniprot/P01308.1,,half maximal inhibitory concentration (IC50),nM,HLA-A*02:01,"['P', 'K', 'T', 'CITR_R', 'R', 'E', 'A', 'E', 'D', 'L']"
7818,29562882.0,KTRREAEDL + CITR(R3),40000.0,Negative,53.0,61.0,Insulin,https://www.uniprot.org/uniprot/P01308.1,,half maximal inhibitory concentration (IC50),nM,HLA-A*02:01,"['K', 'T', 'CITR_R', 'R', 'E', 'A', 'E', 'D', 'L']"
7819,29562882.0,KTRREAEDLQ + CITR(R3),22304.0,Positive-Low,53.0,62.0,Insulin,https://www.uniprot.org/uniprot/P01308.1,,half maximal inhibitory concentration (IC50),nM,HLA-A*02:01,"['K', 'T', 'CITR_R', 'R', 'E', 'A', 'E', 'D', 'L', 'Q']"
7820,29562882.0,TRREAEDLQ + CITR(R2),40000.0,Negative,54.0,62.0,Insulin,https://www.uniprot.org/uniprot/P01308.1,,half maximal inhibitory concentration (IC50),nM,HLA-A*02:01,"['T', 'CITR_R', 'R', 'E', 'A', 'E', 'D', 'L', 'Q']"
7821,29562882.0,TRREAEDLQV + CITR(R2),30243.0,Positive-Low,54.0,63.0,Insulin,https://www.uniprot.org/uniprot/P01308.1,,half maximal inhibitory concentration (IC50),nM,HLA-A*02:01,"['T', 'CITR_R', 'R', 'E', 'A', 'E', 'D', 'L', 'Q', 'V']"
7822,29562882.0,RREAEDLQV + CITR(R1),40000.0,Negative,55.0,63.0,Insulin,https://www.uniprot.org/uniprot/P01308.1,,half maximal inhibitory concentration (IC50),nM,HLA-A*02:01,"['CITR_R', 'R', 'E', 'A', 'E', 'D', 'L', 'Q', 'V']"
7823,29562882.0,RREAEDLQVG + CITR(R1),40000.0,Negative,55.0,64.0,Insulin,https://www.uniprot.org/uniprot/P01308.1,,half maximal inhibitory concentration (IC50),nM,HLA-A*02:01,"['CITR_R', 'R', 'E', 'A', 'E', 'D', 'L', 'Q', 'V', 'G']"
7824,29562882.0,REAEDLQVG + CITR(R1),40000.0,Negative,56.0,64.0,Insulin,https://www.uniprot.org/uniprot/P01308.1,,half maximal inhibitory concentration (IC50),nM,HLA-A*02:01,"['CITR_R', 'E', 'A', 'E', 'D', 'L', 'Q', 'V', 'G']"
7825,29562882.0,REAEDLQVGQ + CITR(R1),40000.0,Negative,56.0,65.0,Insulin,https://www.uniprot.org/uniprot/P01308.1,,half maximal inhibitory concentration (IC50),nM,HLA-A*02:01,"['CITR_R', 'E', 'A', 'E', 'D', 'L', 'Q', 'V', 'G', 'Q']"
7826,29562882.0,LALEGSLQKR + CITR(R10),16354.0,Positive-Low,80.0,89.0,Insulin,https://www.uniprot.org/uniprot/P01308.1,,half maximal inhibitory concentration (IC50),nM,HLA-A*02:01,"['L', 'A', 'L', 'E', 'G', 'S', 'L', 'Q', 'K', 'CITR_R']"
7827,29562882.0,ALEGSLQKR + CITR(R9),40000.0,Negative,81.0,89.0,Insulin,https://www.uniprot.org/uniprot/P01308.1,,half maximal inhibitory concentration (IC50),nM,HLA-A*02:01,"['A', 'L', 'E', 'G', 'S', 'L', 'Q', 'K', 'CITR_R']"
7828,29562882.0,ALEGSLQKRG + CITR(R9),40000.0,Negative,81.0,90.0,Insulin,https://www.uniprot.org/uniprot/P01308.1,,half maximal inhibitory concentration (IC50),nM,HLA-A*02:01,"['A', 'L', 'E', 'G', 'S', 'L', 'Q', 'K', 'CITR_R', 'G']"
7829,29562882.0,LEGSLQKRG + CITR(R8),40000.0,Negative,82.0,90.0,Insulin,https://www.uniprot.org/uniprot/P01308.1,,half maximal inhibitory concentration (IC50),nM,HLA-A*02:01,"['L', 'E', 'G', 'S', 'L', 'Q', 'K', 'CITR_R', 'G']"
7830,29562882.0,LEGSLQKRGI + CITR(R8),40000.0,Negative,82.0,91.0,Insulin,https://www.uniprot.org/uniprot/P01308.1,,half maximal inhibitory concentration (IC50),nM,HLA-A*02:01,"['L', 'E', 'G', 'S', 'L', 'Q', 'K', 'CITR_R', 'G', 'I']"
7831,29562882.0,EGSLQKRGI + CITR(R7),40000.0,Negative,83.0,91.0,Insulin,https://www.uniprot.org/uniprot/P01308.1,,half maximal inhibitory concentration (IC50),nM,HLA-A*02:01,"['E', 'G', 'S', 'L', 'Q', 'K', 'CITR_R', 'G', 'I']"
7832,29562882.0,EGSLQKRGIV + CITR(R7),40000.0,Negative,83.0,92.0,Insulin,https://www.uniprot.org/uniprot/P01308.1,,half maximal inhibitory concentration (IC50),nM,HLA-A*02:01,"['E', 'G', 'S', 'L', 'Q', 'K', 'CITR_R', 'G', 'I', 'V']"
7833,29562882.0,GSLQKRGIV + CITR(R6),40000.0,Negative,84.0,92.0,Insulin,https://www.uniprot.org/uniprot/P01308.1,,half maximal inhibitory concentration (IC50),nM,HLA-A*02:01,"['G', 'S', 'L', 'Q', 'K', 'CITR_R', 'G', 'I', 'V']"
7834,29562882.0,GSLQKRGIVE + CITR(R6),34549.0,Positive,84.0,93.0,Insulin,https://www.uniprot.org/uniprot/P01308.1,,half maximal inhibitory concentration (IC50),nM,HLA-A*02:01,"['G', 'S', 'L', 'Q', 'K', 'CITR_R', 'G', 'I', 'V', 'E']"
7835,29562882.0,SLQKRGIVE + CITR(R5),40000.0,Negative,85.0,93.0,Insulin,https://www.uniprot.org/uniprot/P01308.1,,half maximal inhibitory concentration (IC50),nM,HLA-A*02:01,"['S', 'L', 'Q', 'K', 'CITR_R', 'G', 'I', 'V', 'E']"
7836,29562882.0,SLQKRGIVEQ + CITR(R5),40000.0,Negative,85.0,94.0,Insulin,https://www.uniprot.org/uniprot/P01308.1,,half maximal inhibitory concentration (IC50),nM,HLA-A*02:01,"['S', 'L', 'Q', 'K', 'CITR_R', 'G', 'I', 'V', 'E', 'Q']"
7837,29562882.0,LQKRGIVEQ + CITR(R4),40000.0,Negative,86.0,94.0,Insulin,https://www.uniprot.org/uniprot/P01308.1,,half maximal inhibitory concentration (IC50),nM,HLA-A*02:01,"['L', 'Q', 'K', 'CITR_R', 'G', 'I', 'V', 'E', 'Q']"
7838,29562882.0,LQKRGIVEQC + CITR(R4),40000.0,Negative,86.0,95.0,Insulin,https://www.uniprot.org/uniprot/P01308.1,,half maximal inhibitory concentration (IC50),nM,HLA-A*02:01,"['L', 'Q', 'K', 'CITR_R', 'G', 'I', 'V', 'E', 'Q', 'C']"
7839,29562882.0,QKRGIVEQC + CITR(R3),40000.0,Negative,87.0,95.0,Insulin,https://www.uniprot.org/uniprot/P01308.1,,half maximal inhibitory concentration (IC50),nM,HLA-A*02:01,"['Q', 'K', 'CITR_R', 'G', 'I', 'V', 'E', 'Q', 'C']"
7840,29562882.0,QKRGIVEQCC + CITR(R3),40000.0,Negative,87.0,96.0,Insulin,https://www.uniprot.org/uniprot/P01308.1,,half maximal inhibitory concentration (IC50),nM,HLA-A*02:01,"['Q', 'K', 'CITR_R', 'G', 'I', 'V', 'E', 'Q', 'C', 'C']"
7841,29562882.0,KRGIVEQCC + CITR(R2),40000.0,Negative,88.0,96.0,Insulin,https://www.uniprot.org/uniprot/P01308.1,,half maximal inhibitory concentration (IC50),nM,HLA-A*02:01,"['K', 'CITR_R', 'G', 'I', 'V', 'E', 'Q', 'C', 'C']"
7842,29562882.0,KRGIVEQCCT + CITR(R2),40000.0,Negative,88.0,97.0,Insulin,https://www.uniprot.org/uniprot/P01308.1,,half maximal inhibitory concentration (IC50),nM,HLA-A*02:01,"['K', 'CITR_R', 'G', 'I', 'V', 'E', 'Q', 'C', 'C', 'T']"
7843,29562882.0,RGIVEQCCT + CITR(R1),40000.0,Negative,89.0,97.0,Insulin,https://www.uniprot.org/uniprot/P01308.1,,half maximal inhibitory concentration (IC50),nM,HLA-A*02:01,"['CITR_R', 'G', 'I', 'V', 'E', 'Q', 'C', 'C', 'T']"
7844,29562882.0,RGIVEQCCTS + CITR(R1),40000.0,Negative,89.0,98.0,Insulin,https://www.uniprot.org/uniprot/P01308.1,,half maximal inhibitory concentration (IC50),nM,HLA-A*02:01,"['CITR_R', 'G', 'I', 'V', 'E', 'Q', 'C', 'C', 'T', 'S']"
42651,32571843.0,SLLMWITQC + AIB(C9),64.0,Positive-Intermediate,99.0,107.0,"CTAG2 protein, partial [Homo sapiens]",http://www.ncbi.nlm.nih.gov/protein/133777817,,half maximal inhibitory concentration (IC50),nM,HLA-A*02:01,"['S', 'L', 'L', 'M', 'W', 'I', 'T', 'Q', 'AIB_C']"
42652,32571843.0,CISSCNPNL + AIB(C1),212.0,Positive-Intermediate,,,,,,half maximal inhibitory concentration (IC50),nM,HLA-A*02:01,"['AIB_C', 'I', 'S', 'S', 'C', 'N', 'P', 'N', 'L']"
42653,32571843.0,CISSCNPNL + AIB(C5),845.0,Positive-Low,,,,,,half maximal inhibitory concentration (IC50),nM,HLA-A*02:01,"['C', 'I', 'S', 'S', 'AIB_C', 'N', 'P', 'N', 'L']"
42654,32571843.0,"CISSCNPNL + AIB(C1, C5)",575.0,Positive-Low,,,,,,half maximal inhibitory concentration (IC50),nM,HLA-A*02:01,"['AIB_C', 'I', 'S', 'S', 'AIB_C', 'N', 'P', 'N', 'L']"
42655,32571843.0,CISSCNPNP + AIB(C1),20000.0,Negative,1674.0,1682.0,transcription factor HIVEP2 [Homo sapiens],http://www.ncbi.nlm.nih.gov/protein/110347463,,half maximal inhibitory concentration (IC50),nM,HLA-A*02:01,"['AIB_C', 'I', 'S', 'S', 'C', 'N', 'P', 'N', 'P']"
42656,32571843.0,CISSCNPNP + AIB(C5),20000.0,Negative,1674.0,1682.0,transcription factor HIVEP2 [Homo sapiens],http://www.ncbi.nlm.nih.gov/protein/110347463,,half maximal inhibitory concentration (IC50),nM,HLA-A*02:01,"['C', 'I', 'S', 'S', 'AIB_C', 'N', 'P', 'N', 'P']"
42657,32571843.0,"CISSCNPNP + AIB(C1, C5)",13800.0,Positive-Low,1674.0,1682.0,transcription factor HIVEP2 [Homo sapiens],http://www.ncbi.nlm.nih.gov/protein/110347463,,half maximal inhibitory concentration (IC50),nM,HLA-A*02:01,"['AIB_C', 'I', 'S', 'S', 'AIB_C', 'N', 'P', 'N', 'P']"
42658,32571843.0,CQWGRLWQL + AIB(C1),143.0,Positive-Intermediate,,,,,,half maximal inhibitory concentration (IC50),nM,HLA-A*02:01,"['AIB_C', 'Q', 'W', 'G', 'R', 'L', 'W', 'Q', 'L']"
42659,32571843.0,ILCETCLIV + AIB(C3),63.0,Positive-Intermediate,,,,,,half maximal inhibitory concentration (IC50),nM,HLA-A*02:01,"['I', 'L', 'AIB_C', 'E', 'T', 'C', 'L', 'I', 'V']"
42660,32571843.0,ILCETCLIV + AIB(C6),162.0,Positive-Intermediate,,,,,,half maximal inhibitory concentration (IC50),nM,HLA-A*02:01,"['I', 'L', 'C', 'E', 'T', 'AIB_C', 'L', 'I', 'V']"
42661,32571843.0,"ILCETCLIV + AIB(C3, C6)",18.0,Positive-High,,,,,,half maximal inhibitory concentration (IC50),nM,HLA-A*02:01,"['I', 'L', 'AIB_C', 'E', 'T', 'AIB_C', 'L', 'I', 'V']"
42662,32571843.0,ILCGTCLIV + AIB(C3),419.0,Positive-Intermediate,563.0,571.0,PH domain leucine-rich repeat-containing protein phosphatase 1,https://www.uniprot.org/uniprot/O60346.3,,half maximal inhibitory concentration (IC50),nM,HLA-A*02:01,"['I', 'L', 'AIB_C', 'G', 'T', 'C', 'L', 'I', 'V']"
42663,32571843.0,ILCGTCLIV + AIB(C6),1395.0,Positive-Low,563.0,571.0,PH domain leucine-rich repeat-containing protein phosphatase 1,https://www.uniprot.org/uniprot/O60346.3,,half maximal inhibitory concentration (IC50),nM,HLA-A*02:01,"['I', 'L', 'C', 'G', 'T', 'AIB_C', 'L', 'I', 'V']"
42664,32571843.0,"ILCGTCLIV + AIB(C3, C6)",1103.0,Positive-Low,563.0,571.0,PH domain leucine-rich repeat-containing protein phosphatase 1,https://www.uniprot.org/uniprot/O60346.3,,half maximal inhibitory concentration (IC50),nM,HLA-A*02:01,"['I', 'L', 'AIB_C', 'G', 'T', 'AIB_C', 'L', 'I', 'V']"
42665,32571843.0,SCSRAVPQV + AIB(C2),1251.0,Positive-Low,,,,,,half maximal inhibitory concentration (IC50),nM,HLA-A*02:01,"['S', 'AIB_C', 'S', 'R', 'A', 'V', 'P', 'Q', 'V']"
42666,32571843.0,SCSRAIPQV + AIB(C2),1120.0,Positive-Low,122.0,130.0,cytoplasmic FMR1-interacting protein 1 isoform c [Homo sapiens],http://www.ncbi.nlm.nih.gov/protein/1022943302,,half maximal inhibitory concentration (IC50),nM,HLA-A*02:01,"['S', 'AIB_C', 'S', 'R', 'A', 'I', 'P', 'Q', 'V']"
42667,32571843.0,ACDPHSGHFV + AIB(C2),2272.0,Positive-Low,23.0,32.0,orf [Homo sapiens],http://www.ncbi.nlm.nih.gov/protein/763124,,half maximal inhibitory concentration (IC50),nM,HLA-A*02:01,"['A', 'AIB_C', 'D', 'P', 'H', 'S', 'G', 'H', 'F', 'V']"
42668,32571843.0,HMTEVVRRC + AIB(C9),337.0,Positive-Intermediate,168.0,176.0,"p53 transformation suppressor, partial [Homo sapiens]",http://www.ncbi.nlm.nih.gov/protein/506433,,half maximal inhibitory concentration (IC50),nM,HLA-A*02:01,"['H', 'M', 'T', 'E', 'V', 'V', 'R', 'R', 'AIB_C']"
42669,32571843.0,RLPRIFCSC + AIB(C7),508.0,Positive-Low,639.0,647.0,melanocyte protein PMEL isoform 3 preproprotein [Homo sapiens],http://www.ncbi.nlm.nih.gov/protein/5902084,,half maximal inhibitory concentration (IC50),nM,HLA-A*02:01,"['R', 'L', 'P', 'R', 'I', 'F', 'AIB_C', 'S', 'C']"
42670,32571843.0,RLPRIFCSC + AIB(C9),11.0,Positive-High,639.0,647.0,melanocyte protein PMEL isoform 3 preproprotein [Homo sapiens],http://www.ncbi.nlm.nih.gov/protein/5902084,,half maximal inhibitory concentration (IC50),nM,HLA-A*02:01,"['R', 'L', 'P', 'R', 'I', 'F', 'C', 'S', 'AIB_C']"
42671,32571843.0,"RLPRIFCSC + AIB(C7, C9)",4.7,Positive-High,639.0,647.0,melanocyte protein PMEL isoform 3 preproprotein [Homo sapiens],http://www.ncbi.nlm.nih.gov/protein/5902084,,half maximal inhibitory concentration (IC50),nM,HLA-A*02:01,"['R', 'L', 'P', 'R', 'I', 'F', 'AIB_C', 'S', 'AIB_C']"
42965,32571843.0,VLPDVFIRC + AIB(C9),0.6,Positive-High,,,GnTV intron,,,half maximal inhibitory concentration (IC50),nM,HLA-A*02:01,"['V', 'L', 'P', 'D', 'V', 'F', 'I', 'R', 'AIB_C']"
77331,34171305.0,GPMVLRGLIT + OX(M3),2002.0,Positive,,,Membrane glycoprotein,,,dissociation constant KD (~IC50),nM,HLA-A*02:01,"['G', 'P', 'OX_M', 'V', 'L', 'R', 'G', 'L', 'I', 'T']"
77349,34171305.0,"MLLGSMLYM + OX(M1, M6, M9)",0.5,Positive,,,replicase polyprotein 1ab,,,dissociation constant KD (~IC50),nM,HLA-A*02:01,"['OX_M', 'L', 'L', 'G', 'S', 'OX_M', 'L', 'Y', 'OX_M']"
77358,34171305.0,"YLNSTNVTI + DEAM(N3, N6)",12.0,Positive,2270.0,2278.0,Replicase polyprotein 1a,https://www.uniprot.org/uniprot/P0DTC1.1,,dissociation constant KD (~IC50),nM,HLA-A*02:01,"['Y', 'L', 'DEAM_N', 'S', 'T', 'DEAM_N', 'V', 'T', 'I']"
100109,32571843.0,HMTEVVRHC + AIB(C9),318.0,Positive-Intermediate,,,,,,half maximal inhibitory concentration (IC50),nM,HLA-A*02:01,"['H', 'M', 'T', 'E', 'V', 'V', 'R', 'H', 'AIB_C']"
