token,count,Canonical SMILES,Isomeric SMILES,reference,comment1,comment2
V,114,CC(C)C(C(=O)O)N,CC(C)[C@@H](C(=O)O)N,https://pubchem.ncbi.nlm.nih.gov/compound/Valine,,
L,255,CC(C)CC(C(=O)O)N,CC(C)C[C@@H](C(=O)O)N,https://pubchem.ncbi.nlm.nih.gov/compound/Leucine,,
H,25,C1=C(NC=N1)CC(C(=O)O)N,C1=C(NC=N1)C[C@@H](C(=O)O)N,https://pubchem.ncbi.nlm.nih.gov/compound/Histidine,,
D,40,C(C(C(=O)O)N)C(=O)O,C([C@@H](C(=O)O)N)C(=O)O,https://pubchem.ncbi.nlm.nih.gov/compound/5960,,
SCM_C,3,CC(C)CC(C(=O)O)N,,,,
E,68,C(CC(=O)O)C(C(=O)O)N,C(CC(=O)O)[C@@H](C(=O)O)N,https://pubchem.ncbi.nlm.nih.gov/compound/Glutamic-Acid#section=3D-Conformer,,
A,69,CC(C(=O)O)N,C[C@@H](C(=O)O)N,https://pubchem.ncbi.nlm.nih.gov/compound/Alanine,,
F,68,C1=CC=C(C=C1)CC(C(=O)O)N,C1=CC=C(C=C1)C[C@@H](C(=O)O)N,https://pubchem.ncbi.nlm.nih.gov/compound/Phenylalanine,,
CITR_R,31,C(CC(C(=O)O)N)CNC(=O)N,C(C[C@@H](C(=O)O)N)CNC(=O)N,https://pubchem.ncbi.nlm.nih.gov/compound/Citrulline,,
C,53,C(C(C(=O)O)N)S,C([C@@H](C(=O)O)N)S,https://pubchem.ncbi.nlm.nih.gov/compound/Cysteine,,
I,62,CCC(C)C(C(=O)O)N,CC[C@H](C)[C@@H](C(=O)O)N,https://pubchem.ncbi.nlm.nih.gov/compound/l-Isoleucine,,
S,54,C(C(C(=O)O)N)O,C([C@@H](C(=O)O)N)O,https://pubchem.ncbi.nlm.nih.gov/compound/Serine,,
Y,52,C1=CC(=CC=C1CC(C(=O)O)N)O,C1=CC(=CC=C1C[C@@H](C(=O)O)N)O,https://pubchem.ncbi.nlm.nih.gov/compound/Tyrosine,,
CYSTL_C,1,C(C(C(=O)O)N)S,C([C@@H](C(=O)O)N)S,https://files.rcsb.org/view/6TLJ.pdb,chian r,
Q,20,C(CC(=O)N)C(C(=O)O)N,C(CC(=O)N)[C@@H](C(=O)O)N,https://pubchem.ncbi.nlm.nih.gov/compound/Glutamine,,
R,55,C(CC(C(=O)O)N)CN=C(N)N,C(C[C@@H](C(=O)O)N)CN=C(N)N,https://pubchem.ncbi.nlm.nih.gov/compound/Arginine,,
PHOS_S,16,C(C(C(=O)O)N)OP(=O)(O)O,C([C@@H](C(=O)O)N)OP(=O)(O)O,https://pubchem.ncbi.nlm.nih.gov/compound/Phosphoserine,,
T,68,CC(C(C(=O)O)N)O,C[C@H]([C@@H](C(=O)O)N)O,https://pubchem.ncbi.nlm.nih.gov/compound/Threonine,,
G,133,C(C(=O)O)N,,https://pubchem.ncbi.nlm.nih.gov/compound/Glycine,,
P,60,C1CC(NC1)C(=O)O,C1C[C@H](NC1)C(=O)O,https://pubchem.ncbi.nlm.nih.gov/compound/Proline,,
M,36,CSCCC(C(=O)O)N,CSCC[C@@H](C(=O)O)N,https://pubchem.ncbi.nlm.nih.gov/compound/Methionine,,
N,10,C(C(C(=O)O)N)C(=O)N,C([C@@H](C(=O)O)N)C(=O)N,https://pubchem.ncbi.nlm.nih.gov/compound/Asparagine,,
K,15,C(CCN)CC(C(=O)O)N,C(CCN)C[C@@H](C(=O)O)N,https://pubchem.ncbi.nlm.nih.gov/compound/Lysine,,
OTH_P,1,C(C(C(C(=O)O)O)O)N ,,,,
OTH_G1,1,C1=CC=C(C=C1)C(C(=O)O)N,,,,
OTH_G2,1,C#CCC(C(=O)O)N,,,,
OTH_V,1,CCCC(C(=O)O)N,,,,
AM-PHG,14,CC(N)(C(=O)O)c1ccccc1,,,,
NVA,13,CCCC(N)C(=O)O,,,,
PRG,20,C#CCC(N)C(=O)O,,,,
2-AOC,15,CCCCCCC(N)C(=O)O,,,,
NLE,2,CCCCC(N)C(=O)O,,,,
ALG,3,C=CCC(N)C(=O)O,,,,
CSME,15,CSCC(N)C(=O)O,,,,
SOME,2,COCC(N)C(=O)O,,,,
W,27,C1=CC=C2C(=C1)C(=CN2)CC(C(=O)O)N,C1=CC=C2C(=C1)C(=CN2)C[C@@H](C(=O)O)N,https://pubchem.ncbi.nlm.nih.gov/compound/Tryptophan,,
CPALA,9,NC(CC1CC1)C(=O)O,,,,
PHG,12,NC(C(=O)O)c1ccccc1,,,,
PHOS_Y,2,C1=CC(=CC=C1CC(C(=O)O)N)OP(=O)(O)O,C1=CC(=CC=C1CC(C(=O)O)N)OP(=O)(O)O,https://pubchem.ncbi.nlm.nih.gov/compound/O-Phospho-L-tyrosine#section=Biologic-Description,,
PHOS_T,1,CC(C(C(=O)O)N)OP(=O)(O)O,C1=CC(=CC=C1C[C@@H](C(=O)O)N)OP(=O)(O)O,https://pubchem.ncbi.nlm.nih.gov/compound/O-phospho-L-threonine,,
OX_C,9,C(C(C(=O)O)N)SSCC(C(=O)O)N,,https://pubchem.ncbi.nlm.nih.gov/compound/595,212 ROWS,
SCM_Y,21,C1=CC(=C(C=C1CC(C(=O)O)N)Cl)O,,,,
OX_F,10,C1=CC(=CC=C1CC(C(=O)O)N)O,,,36 ROWS,
OX_M,5,CS(=O)CCC(C(=O)O)N,C[S@](=O)CC[C@@H](C(=O)O)N,https://pubchem.ncbi.nlm.nih.gov/compound/L-Methionine-_S_-S-oxide,69019 ROWS,
DEAM_N,2,N[CH](CC(O)=O)C(O)=O,C([C@@H](C(=O)O)N)C(=O)O,https://pubchem.ncbi.nlm.nih.gov/compound/Aspartic-Acid#section=IUPAC-Name,4177 rows  ,pdb:krk7
AIB_C,26,CCC(C(=O)O)N,,https://pubchem.ncbi.nlm.nih.gov/compound/2-Aminobutyric-acid#section=IUPAC-Name,,
DEAM_Q,1,C(CC(=O)O)C(C(=O)O)N,C(CC(=O)O)[C@@H](C(=O)O)N,https://pubchem.ncbi.nlm.nih.gov/compound/Glutamic-Acid#section=InChI,2839 rows,PDB:5HDA
OX_Y,1,C1=CC(=CC=C1CC(C(=O)O)N)O,,,,
