,Unnamed: 0,PMID,Name,Quantitative measurement,Qualitative Measurement,Starting Position,Ending Position,Source Molecule,Source Molecule IRI,PDB ID,Response measured,Units,HLA,Unnamed: 14,Unnamed: 15,Unnamed: 16,Unnamed: 17,Unnamed: 18,token_list
108,18,19342659,VLHDDLCEA + SCM(C7),44,Positive,,,,,,half maximal inhibitory concentration (IC50),nM,HLA-A*02:01,,,,c7 = L (SCM_C = L),,"['V', 'L', 'H', 'D', 'D', 'L', 'SCM_C', 'E', 'A']"
109,20,19342659,VLFDDLCEA + SCM(C7),15,Positive,,,,,,half maximal inhibitory concentration (IC50),nM,HLA-A*02:01,,,,c7= L(SCM = L),,"['V', 'L', 'F', 'D', 'D', 'L', 'SCM_C', 'E', 'A']"
110,22,19342659,VLRDDLCEA + CITR(R3),44,Positive,,,,,,half maximal inhibitory concentration (IC50),nM,HLA-A*02:01,,,,c3 = citrulline,C(CC(C(=O)O)N)CNC(=O)N,"['V', 'L', 'CITR_R', 'D', 'D', 'L', 'C', 'E', 'A']"
111,46,9075928,FIDSYICQV + CYSTL(C7),75,Positive,311,319,SMCY,http://www.ncbi.nlm.nih.gov/protein/AAC50806.1,,half maximal inhibitory concentration (IC50),nM,HLA-A*02:01,,,,CYSTL_C = cysteine = C,,"['F', 'I', 'D', 'S', 'Y', 'I', 'CYSTL_C', 'Q', 'V']"
112,65,18836451,RQASLSISV + PHOS(S4),38.5,Positive,526,534,protein kinase D2 isoform A,http://www.ncbi.nlm.nih.gov/protein/NP_057541.2,,half maximal inhibitory concentration (IC50),nM,HLA-A*02:01,,,,phos_s = PHOSPHOSERINE,,"['R', 'Q', 'A', 'PHOS_S', 'L', 'S', 'I', 'S', 'V']"
113,66,18836451,RTYSGPMNKV + PHOS(S4),116.9,Positive,53,62,"premature ovarian failure, 1B",http://www.ncbi.nlm.nih.gov/protein/NP_079197.3,,half maximal inhibitory concentration (IC50),nM,HLA-A*02:01,,,,,,"['R', 'T', 'Y', 'PHOS_S', 'G', 'P', 'M', 'N', 'K', 'V']"
114,69,18836451,YLDSGIHSGA + PHOS(S4),145.7,Positive,30,39,Catenin beta-1,https://www.uniprot.org/uniprot/P35222.1,,half maximal inhibitory concentration (IC50),nM,HLA-A*02:01,,,,,,"['Y', 'L', 'D', 'PHOS_S', 'G', 'I', 'H', 'S', 'G', 'A']"
115,70,18836451,SLQPRSHSV + PHOS(S8),180.5,Positive,448,456,Pleckstrin homology domain-containing family A member 6,https://www.uniprot.org/uniprot/Q9Y2H5.4,,half maximal inhibitory concentration (IC50),nM,HLA-A*02:01,,,,,,"['S', 'L', 'Q', 'P', 'R', 'S', 'H', 'PHOS_S', 'V']"
116,71,18836451,GLLGSPVRA + PHOS(S5),168.7,Positive,38,46,M-phase inducer phosphatase 2,https://www.uniprot.org/uniprot/P30305.2,,half maximal inhibitory concentration (IC50),nM,HLA-A*02:01,,,,,,"['G', 'L', 'L', 'G', 'PHOS_S', 'P', 'V', 'R', 'A']"
117,72,18836451,KLIDRTESL + PHOS(S8),62.4,Positive,197,205,lymphocyte-specific protein 1,http://www.ncbi.nlm.nih.gov/protein/AAH01785.1,,half maximal inhibitory concentration (IC50),nM,HLA-A*02:01,,,,,,"['K', 'L', 'I', 'D', 'R', 'T', 'E', 'PHOS_S', 'L']"
118,73,18836451,RLDSYVRSL + PHOS(S4),44.6,Positive,129,137,Trafficking protein particle complex subunit 1,https://www.uniprot.org/uniprot/Q9Y5R8.1,,half maximal inhibitory concentration (IC50),nM,HLA-A*02:01,,,,,,"['R', 'L', 'D', 'PHOS_S', 'Y', 'V', 'R', 'S', 'L']"
119,74,18836451,RVASPTSGV + PHOS(S4),178.5,Positive,1097,1105,Insulin receptor substrate 2,https://www.uniprot.org/uniprot/Q9Y4H2.2,,half maximal inhibitory concentration (IC50),nM,HLA-A*02:01,,,,,,"['R', 'V', 'A', 'PHOS_S', 'P', 'T', 'S', 'G', 'V']"
120,75,18836451,RTFSPTYGL + PHOS(S4),32.5,Positive,426,434,synemin isoform A,http://www.ncbi.nlm.nih.gov/protein/NP_663780.2,,half maximal inhibitory concentration (IC50),nM,HLA-A*02:01,,,,,,"['R', 'T', 'F', 'PHOS_S', 'P', 'T', 'Y', 'G', 'L']"
121,76,18836451,AQASIELPSM + PHOS(S4),58.7,Positive,,,,,,half maximal inhibitory concentration (IC50),nM,HLA-A*02:01,,,,,,"['A', 'Q', 'A', 'PHOS_S', 'I', 'E', 'L', 'P', 'S', 'M']"
122,93,19655751,NLVPMVATV + OTH(P4),7330,Positive,,,,,,half maximal inhibitory concentration (IC50),nM,HLA-A*02:01,,,,"OTH_P = 4-amino-2,3-dihydroxybutyric acid = C(C(C(C(=O)O)O)O)N ",https://pubs.acs.org/doi/10.1021/ja9037565,"['N', 'L', 'V', 'OTH_P', 'M', 'V', 'A', 'T', 'V']"
123,159,25311806,"GVAGIGILTG + OTH(G1, V2, G10)",510,Positive,,,,,,half maximal inhibitory concentration (IC50),nM,HLA-A*02:01,,,,g1 = D-alpha-methyl-phenylglycine = C1=CC=C(C=C1)C(C(=O)O)N; v2 = norvaline = CCCC(C(=O)O)N; g10 = propargylglycine =  C#CCC(C(=O)O)N,https://www.ncbi.nlm.nih.gov/pmc/articles/PMC4226423/,"['OTH_G1', 'OTH_V', 'A', 'G', 'I', 'G', 'I', 'L', 'T', 'OTH_G2']"
124,,25311806,[am-phg][NVA]AGIGILT[PRG],510,Positive,,,,,,,,,,,,,https://www.ncbi.nlm.nih.gov/pmc/articles/PMC4226423/,"['AM-PHG', 'NVA', 'A', 'G', 'I', 'G', 'I', 'L', 'T', 'PRG']"
125,,25311806,[am-phg][2-AOC]AGIGILT[PRG],260,Positive,,,,,,,,,,,,,,"['AM-PHG', '2-AOC', 'A', 'G', 'I', 'G', 'I', 'L', 'T', 'PRG']"
126,,25311806,[am-phg][NLE]AGIGILT[PRG],400,Positive,,,,,,,,,,,,,,"['AM-PHG', 'NLE', 'A', 'G', 'I', 'G', 'I', 'L', 'T', 'PRG']"
127,,25311806,[am-phg][NVA]AGIGILT[ALG],410,Positive,,,,,,,,,,,,,,"['AM-PHG', 'NVA', 'A', 'G', 'I', 'G', 'I', 'L', 'T', 'ALG']"
128,,25311806,[am-phg]LAGIGILT[PRG],480,Positive,,,,,,,,,,,,,,"['AM-PHG', 'L', 'A', 'G', 'I', 'G', 'I', 'L', 'T', 'PRG']"
129,,25311806,[CSME][2-AOC]AGIGILT[PRG],510,Positive,,,,,,,,,,,,,,"['CSME', '2-AOC', 'A', 'G', 'I', 'G', 'I', 'L', 'T', 'PRG']"
130,,25311806,[CSME][2-AOC]AGIGILTV,470,Positive,,,,,,,,,,,,,,"['CSME', '2-AOC', 'A', 'G', 'I', 'G', 'I', 'L', 'T', 'V']"
131,,25311806,[CSME][NLE]AGIGILTV,970,Positive,,,,,,,,,,,,,,"['CSME', 'NLE', 'A', 'G', 'I', 'G', 'I', 'L', 'T', 'V']"
132,,25311806,[CSME][NVA]AGIGILTV,870,Positive,,,,,,,,,,,,,,"['CSME', 'NVA', 'A', 'G', 'I', 'G', 'I', 'L', 'T', 'V']"
133,,25311806,[CSME]LAGIGILT[PRG],1130,Positive,,,,,,,,,,,,,,"['CSME', 'L', 'A', 'G', 'I', 'G', 'I', 'L', 'T', 'PRG']"
134,,25311806,[CSME]LAGIGILTV,1360,Positive,,,,,,,,,,,,,,"['CSME', 'L', 'A', 'G', 'I', 'G', 'I', 'L', 'T', 'V']"
135,,25311806,[SOME][2-AOC]AGIGILTV,220,Positive,,,,,,,,,,,,,,"['SOME', '2-AOC', 'A', 'G', 'I', 'G', 'I', 'L', 'T', 'V']"
136,,25311806,[SOME]LAGIGILTV,1130,Positive,,,,,,,,,,,,,,"['SOME', 'L', 'A', 'G', 'I', 'G', 'I', 'L', 'T', 'V']"
137,,25311806,[am-phg][2-AOC]YDFFVWL,710,Positive,,,,,,,,,,,,,,"['AM-PHG', '2-AOC', 'Y', 'D', 'F', 'F', 'V', 'W', 'L']"
138,,25311806,[am-phg][2-AOC]YDFFVW[PRG],510,Positive,,,,,,,,,,,,,,"['AM-PHG', '2-AOC', 'Y', 'D', 'F', 'F', 'V', 'W', 'PRG']"
139,,25311806,[am-phg][CpALA]YDFFVW[PRG],460,Positive,,,,,,,,,,,,,,"['AM-PHG', 'CPALA', 'Y', 'D', 'F', 'F', 'V', 'W', 'PRG']"
140,,25311806,[am-phg][NVA]YDFFVW[PRG],710,Positive,,,,,,,,,,,,,,"['AM-PHG', 'NVA', 'Y', 'D', 'F', 'F', 'V', 'W', 'PRG']"
141,,25311806,[am-phg][NVA]YDFFVWL,650,Positive,,,,,,,,,,,,,,"['AM-PHG', 'NVA', 'Y', 'D', 'F', 'F', 'V', 'W', 'L']"
142,,25311806,[CSME][2-AOC]YDFFVW[ALG],520,Positive,,,,,,,,,,,,,,"['CSME', '2-AOC', 'Y', 'D', 'F', 'F', 'V', 'W', 'ALG']"
143,,25311806,[CSME][2-AOC]YDFFVWL,410,Positive,,,,,,,,,,,,,,"['CSME', '2-AOC', 'Y', 'D', 'F', 'F', 'V', 'W', 'L']"
144,,25311806,[CSME][CpALA]YDFFVW[PRG],940,Positive,,,,,,,,,,,,,,"['CSME', 'CPALA', 'Y', 'D', 'F', 'F', 'V', 'W', 'PRG']"
145,,25311806,[CSME][NVA]YDFFVW[PRG],670,Positive,,,,,,,,,,,,,,"['CSME', 'NVA', 'Y', 'D', 'F', 'F', 'V', 'W', 'PRG']"
146,,25311806,[Phg][2-AOC]YDFFVWL,510,Positive,,,,,,,,,,,,,,"['PHG', '2-AOC', 'Y', 'D', 'F', 'F', 'V', 'W', 'L']"
147,,25311806,[Phg][CpALA]YDFFVW[PRG],800,Positive,,,,,,,,,,,,,,"['PHG', 'CPALA', 'Y', 'D', 'F', 'F', 'V', 'W', 'PRG']"
148,,25311806,[PHG][CpALA]YDFFVWL,600,Positive,,,,,,,,,,,,,,"['PHG', 'CPALA', 'Y', 'D', 'F', 'F', 'V', 'W', 'L']"
149,,25311806,[Phg][NVA]YDFFVW[ALG],570,Positive,,,,,,,,,,,,,,"['PHG', 'NVA', 'Y', 'D', 'F', 'F', 'V', 'W', 'ALG']"
150,,25311806,[Phg][NVA]YDFFVW[PRG],740,Positive,,,,,,,,,,,,,,"['PHG', 'NVA', 'Y', 'D', 'F', 'F', 'V', 'W', 'PRG']"
151,,25311806,[Phg][NVA]YDFFVWL,570,Positive,,,,,,,,,,,,,,"['PHG', 'NVA', 'Y', 'D', 'F', 'F', 'V', 'W', 'L']"
152,,25311806,[am-phg][2-AOC]GPTLMC[PRG],1690,Positive,,,,,,,,,,,,,,"['AM-PHG', '2-AOC', 'G', 'P', 'T', 'L', 'M', 'C', 'PRG']"
153,,25311806,[am-phg][2-AOC]GPTLMCL,1050,Positive,,,,,,,,,,,,,,"['AM-PHG', '2-AOC', 'G', 'P', 'T', 'L', 'M', 'C', 'L']"
154,,25311806,[am-phg][CpALA]GPTLMC[PRG],1030,Positive,,,,,,,,,,,,,,"['AM-PHG', 'CPALA', 'G', 'P', 'T', 'L', 'M', 'C', 'PRG']"
155,,25311806,[am-phg][CpALA]GPTLMCL,1050,Positive,,,,,,,,,,,,,,"['AM-PHG', 'CPALA', 'G', 'P', 'T', 'L', 'M', 'C', 'L']"
156,,25311806,[CSME][2-AOC]GPTLMC[PRG],1010,Positive,,,,,,,,,,,,,,"['CSME', '2-AOC', 'G', 'P', 'T', 'L', 'M', 'C', 'PRG']"
157,,25311806,[CSME][2-AOC]GPTLMCL,460,Positive,,,,,,,,,,,,,,"['CSME', '2-AOC', 'G', 'P', 'T', 'L', 'M', 'C', 'L']"
158,,25311806,[CSME][CpALA]GPTLMCL,950,Positive,,,,,,,,,,,,,,"['CSME', 'CPALA', 'G', 'P', 'T', 'L', 'M', 'C', 'L']"
159,,25311806,[CSME][NVA]GPTLMC[PRG],790,Positive,,,,,,,,,,,,,,"['CSME', 'NVA', 'G', 'P', 'T', 'L', 'M', 'C', 'PRG']"
160,,25311806,[CSME][NVA]GPTLMCL,860,Positive,,,,,,,,,,,,,,"['CSME', 'NVA', 'G', 'P', 'T', 'L', 'M', 'C', 'L']"
161,,25311806,[Phg][2-AOC]GPTLMC[PRG],630,Positive,,,,,,,,,,,,,,"['PHG', '2-AOC', 'G', 'P', 'T', 'L', 'M', 'C', 'PRG']"
162,,25311806,[Phg][2-AOC]GPTLMCL,400,Positive,,,,,,,,,,,,,,"['PHG', '2-AOC', 'G', 'P', 'T', 'L', 'M', 'C', 'L']"
163,,25311806,[Phg][CpALA]GPTLMC[PRG],620,Positive,,,,,,,,,,,,,,"['PHG', 'CPALA', 'G', 'P', 'T', 'L', 'M', 'C', 'PRG']"
164,,25311806,[Phg][CpALA]GPTLMCL,870,Positive,,,,,,,,,,,,,,"['PHG', 'CPALA', 'G', 'P', 'T', 'L', 'M', 'C', 'L']"
165,,25311806,[Phg][NVA]GPTLMC[PRG],730,Positive,,,,,,,,,,,,,,"['PHG', 'NVA', 'G', 'P', 'T', 'L', 'M', 'C', 'PRG']"
166,,25311806,[Phg][NVA]GPTLMCL,930,Positive,,,,,,,,,,,,,,"['PHG', 'NVA', 'G', 'P', 'T', 'L', 'M', 'C', 'L']"
168,202,11120772,RLDSYVRSL + PHOS(S4),78,Positive,129,137,Trafficking protein particle complex subunit 1,https://www.uniprot.org/uniprot/Q9Y5R8.1,,half maximal inhibitory concentration (IC50),nM,HLA-A*02:01,,,,phos_s = PHOSPHOSERINE,https://www.ncbi.nlm.nih.gov/pmc/articles/PMC2213507/,"['R', 'L', 'D', 'PHOS_S', 'Y', 'V', 'R', 'S', 'L']"
169,203,11120772,GLDSYVRSL + PHOS(S4),58,Positive,,,,,,half maximal inhibitory concentration (IC50),nM,HLA-A*02:01,,,,,,"['G', 'L', 'D', 'PHOS_S', 'Y', 'V', 'R', 'S', 'L']"
170,,11120772,GLDYYVRSL + PHOS(Y4),211,Positive,,,,,,,,,,,,,,"['G', 'L', 'D', 'PHOS_Y', 'Y', 'V', 'R', 'S', 'L']"
171,205,11120772,GLDTYVRSL + PHOS(T4),67,Positive,,,,,,half maximal inhibitory concentration (IC50),nM,HLA-A*02:01,,,,,,"['G', 'L', 'D', 'PHOS_T', 'Y', 'V', 'R', 'S', 'L']"
172,6241,28903331,RQASLSISV + PHOS(S4),38.5,Positive,526,534,Serine/threonine-protein kinase D2,http://www.ncbi.nlm.nih.gov/protein/Q9BZL6.3,,half maximal inhibitory concentration (IC50),nM,HLA-A*02:01,,,,phos_s = PHOSPHOSERINE,https://www.ncbi.nlm.nih.gov/pmc/articles/PMC5589570/,"['R', 'Q', 'A', 'PHOS_S', 'L', 'S', 'I', 'S', 'V']"
174,6243,28903331,RQISQDVKL + PHOS(S4),25.5,Positive,165,173,AMP deaminase 2,https://www.uniprot.org/uniprot/Q01433.2,,half maximal inhibitory concentration (IC50),nM,HLA-A*02:01,,,,,,"['R', 'Q', 'I', 'PHOS_S', 'Q', 'D', 'V', 'K', 'L']"
175,7707,29562882,QHLCGSHLV + OX(C4),37883,Positive,28,36,Insulin,https://www.uniprot.org/uniprot/P01308.1,,half maximal inhibitory concentration (IC50),nM,HLA-A*02:01,,,,ox_c = Cysteic Acid = C(C(C(=O)O)N)S(=O)(=O)O,https://www.ncbi.nlm.nih.gov/pmc/articles/PMC5863483/,"['Q', 'H', 'L', 'OX_C', 'G', 'S', 'H', 'L', 'V']"
176,7729,29562882,CGSHLVEALY + SCM(Y10),38276,Positive,31,40,Insulin,https://www.uniprot.org/uniprot/P01308.1,,half maximal inhibitory concentration (IC50),nM,HLA-A*02:01,,,,,,"['C', 'G', 'S', 'H', 'L', 'V', 'E', 'A', 'L', 'SCM_Y']"
177,7753,29562882,"LYLVCGERGF + OX(C5, F10)",35512,Positive,39,48,Insulin,https://www.uniprot.org/uniprot/P01308.1,,half maximal inhibitory concentration (IC50),nM,HLA-A*02:01,,,,,,"['L', 'Y', 'L', 'V', 'OX_C', 'G', 'E', 'R', 'G', 'OX_F']"
178,7777,29562882,CGERGFFYT + SCM(Y8),38400,Positive,43,51,Insulin,https://www.uniprot.org/uniprot/P01308.1,,half maximal inhibitory concentration (IC50),nM,HLA-A*02:01,,,,,,"['C', 'G', 'E', 'R', 'G', 'F', 'F', 'SCM_Y', 'T']"
179,7794,29562882,ERGFFYTPK + CITR(R2),38093,Positive,45,53,Insulin,https://www.uniprot.org/uniprot/P01308.1,,half maximal inhibitory concentration (IC50),nM,HLA-A*02:01,,,,citr_r = citrulline,,"['E', 'CITR_R', 'G', 'F', 'F', 'Y', 'T', 'P', 'K']"
180,7799,29562882,ERGFFYTPKT + CITR(R2),36308,Positive,45,54,Insulin,https://www.uniprot.org/uniprot/P01308.1,,half maximal inhibitory concentration (IC50),nM,HLA-A*02:01,,,,,,"['E', 'CITR_R', 'G', 'F', 'F', 'Y', 'T', 'P', 'K', 'T']"
181,7806,29562882,GFFYTPKTR + CITR(R9),38420,Positive,47,55,Insulin,https://www.uniprot.org/uniprot/P01308.1,,half maximal inhibitory concentration (IC50),nM,HLA-A*02:01,,,,,,"['G', 'F', 'F', 'Y', 'T', 'P', 'K', 'T', 'CITR_R']"
182,7812,29562882,YTPKTRREA + CITR(R6),34672,Positive,50,58,Insulin,https://www.uniprot.org/uniprot/P01308.1,,half maximal inhibitory concentration (IC50),nM,HLA-A*02:01,,,,,,"['Y', 'T', 'P', 'K', 'T', 'CITR_R', 'R', 'E', 'A']"
183,7834,29562882,GSLQKRGIVE + CITR(R6),34549,Positive,84,93,Insulin,https://www.uniprot.org/uniprot/P01308.1,,half maximal inhibitory concentration (IC50),nM,HLA-A*02:01,,,,,,"['G', 'S', 'L', 'Q', 'K', 'CITR_R', 'G', 'I', 'V', 'E']"
184,77331,34171305,GPMVLRGLIT + OX(M3),2002,Positive,,,Membrane glycoprotein,,,dissociation constant KD (~IC50),nM,HLA-A*02:01,,,,,,"['G', 'P', 'OX_M', 'V', 'L', 'R', 'G', 'L', 'I', 'T']"
185,77349,34171305,"MLLGSMLYM + OX(M1, M6, M9)",0.5,Positive,,,replicase polyprotein 1ab,,,dissociation constant KD (~IC50),nM,HLA-A*02:01,,,,,,"['OX_M', 'L', 'L', 'G', 'S', 'OX_M', 'L', 'Y', 'OX_M']"
186,77358,34171305,"YLNSTNVTI + DEAM(N3, N6)",12,Positive,2270,2278,Replicase polyprotein 1a,https://www.uniprot.org/uniprot/P0DTC1.1,,dissociation constant KD (~IC50),nM,HLA-A*02:01,,,,,,"['Y', 'L', 'DEAM_N', 'S', 'T', 'DEAM_N', 'V', 'T', 'I']"
187,67,18836451,RQASIELPSM + PHOS(S4),11.2,Positive-High,249,258,lymphocyte-specific protein 1,http://www.ncbi.nlm.nih.gov/protein/AAH01785.1,,half maximal inhibitory concentration (IC50),nM,HLA-A*02:01,,,,,,"['R', 'Q', 'A', 'PHOS_S', 'I', 'E', 'L', 'P', 'S', 'M']"
188,68,18836451,KMDSFLDMQL + PHOS(S4),3.4,Positive-High,49,58,Nedd4 binding protein 2,http://www.ncbi.nlm.nih.gov/protein/BAG48313.1,,half maximal inhibitory concentration (IC50),nM,HLA-A*02:01,,,,,,"['K', 'M', 'D', 'PHOS_S', 'F', 'L', 'D', 'M', 'Q', 'L']"
191,4081,28263308,MLYQHLLPL + OX(M1),2.3,Positive-High,,,alternatively spliced Insulin,https://ontology.iedb.org/ontology/ONTIE_0003294,,half maximal inhibitory concentration (IC50),nM,HLA-A*02:01,,,,,,"['OX_M', 'L', 'Y', 'Q', 'H', 'L', 'L', 'P', 'L']"
192,7674,29562882,ALWMRLLPL + CITR(R5),28,Positive-High,2,10,Insulin,https://www.uniprot.org/uniprot/P01308.1,,half maximal inhibitory concentration (IC50),nM,HLA-A*02:01,,,,,,"['A', 'L', 'W', 'M', 'CITR_R', 'L', 'L', 'P', 'L']"
193,42661,32571843,"ILCETCLIV + AIB(C3, C6)",18,Positive-High,,,,,,half maximal inhibitory concentration (IC50),nM,HLA-A*02:01,,,,,,"['I', 'L', 'AIB_C', 'E', 'T', 'AIB_C', 'L', 'I', 'V']"
194,42670,32571843,RLPRIFCSC + AIB(C9),11,Positive-High,639,647,melanocyte protein PMEL isoform 3 preproprotein [Homo sapiens],http://www.ncbi.nlm.nih.gov/protein/5902084,,half maximal inhibitory concentration (IC50),nM,HLA-A*02:01,,,,,,"['R', 'L', 'P', 'R', 'I', 'F', 'C', 'S', 'AIB_C']"
195,42671,32571843,"RLPRIFCSC + AIB(C7, C9)",4.7,Positive-High,639,647,melanocyte protein PMEL isoform 3 preproprotein [Homo sapiens],http://www.ncbi.nlm.nih.gov/protein/5902084,,half maximal inhibitory concentration (IC50),nM,HLA-A*02:01,,,,,,"['R', 'L', 'P', 'R', 'I', 'F', 'AIB_C', 'S', 'AIB_C']"
196,42965,32571843,VLPDVFIRC + AIB(C9),0.6,Positive-High,,,GnTV intron,,,half maximal inhibitory concentration (IC50),nM,HLA-A*02:01,,,,,,"['V', 'L', 'P', 'D', 'V', 'F', 'I', 'R', 'AIB_C']"
197,204,11120772,GLDYYVRSL + PHOS(Y4),211,Positive-Intermediate,,,,,,half maximal inhibitory concentration (IC50),nM,HLA-A*02:01,,,,,,"['G', 'L', 'D', 'PHOS_Y', 'Y', 'V', 'R', 'S', 'L']"
199,7673,29562882,MALWMRLLPL + CITR(R6),262,Positive-Intermediate,1,10,Insulin,https://www.uniprot.org/uniprot/P01308.1,,half maximal inhibitory concentration (IC50),nM,HLA-A*02:01,,,,,,"['M', 'A', 'L', 'W', 'M', 'CITR_R', 'L', 'L', 'P', 'L']"
200,7675,29562882,ALWMRLLPLL + CITR(R5),69,Positive-Intermediate,2,11,Insulin,https://www.uniprot.org/uniprot/P01308.1,,half maximal inhibitory concentration (IC50),nM,HLA-A*02:01,,,,,,"['A', 'L', 'W', 'M', 'CITR_R', 'L', 'L', 'P', 'L', 'L']"
201,7676,29562882,LWMRLLPLL + CITR(R4),148,Positive-Intermediate,3,11,Insulin,https://www.uniprot.org/uniprot/P01308.1,,half maximal inhibitory concentration (IC50),nM,HLA-A*02:01,,,,,,"['L', 'W', 'M', 'CITR_R', 'L', 'L', 'P', 'L', 'L']"
202,7677,29562882,LWMRLLPLLA + CITR(R4),61,Positive-Intermediate,3,12,Insulin,https://www.uniprot.org/uniprot/P01308.1,,half maximal inhibitory concentration (IC50),nM,HLA-A*02:01,,,,,,"['L', 'W', 'M', 'CITR_R', 'L', 'L', 'P', 'L', 'L', 'A']"
203,7679,29562882,WMRLLPLLAL + CITR(R3),310,Positive-Intermediate,4,13,Insulin,https://www.uniprot.org/uniprot/P01308.1,,half maximal inhibitory concentration (IC50),nM,HLA-A*02:01,,,,,,"['W', 'M', 'CITR_R', 'L', 'L', 'P', 'L', 'L', 'A', 'L']"
204,7681,29562882,MRLLPLLALL + CITR(R2),98,Positive-Intermediate,5,14,Insulin,https://www.uniprot.org/uniprot/P01308.1,,half maximal inhibitory concentration (IC50),nM,HLA-A*02:01,,,,,,"['M', 'CITR_R', 'L', 'L', 'P', 'L', 'L', 'A', 'L', 'L']"
205,7682,29562882,RLLPLLALL + CITR(R1),83,Positive-Intermediate,6,14,Insulin,https://www.uniprot.org/uniprot/P01308.1,,half maximal inhibitory concentration (IC50),nM,HLA-A*02:01,,,,,,"['CITR_R', 'L', 'L', 'P', 'L', 'L', 'A', 'L', 'L']"
206,7683,29562882,RLLPLLALLA + CITR(R1),70,Positive-Intermediate,6,15,Insulin,https://www.uniprot.org/uniprot/P01308.1,,half maximal inhibitory concentration (IC50),nM,HLA-A*02:01,,,,,,"['CITR_R', 'L', 'L', 'P', 'L', 'L', 'A', 'L', 'L', 'A']"
207,7733,29562882,SHLVEALYL + SCM(Y8),445,Positive-Intermediate,33,41,Insulin,https://www.uniprot.org/uniprot/P01308.1,,half maximal inhibitory concentration (IC50),nM,HLA-A*02:01,,,,,,"['S', 'H', 'L', 'V', 'E', 'A', 'L', 'SCM_Y', 'L']"
208,7735,29562882,HLVEALYLV + SCM(Y7),55,Positive-Intermediate,34,42,Insulin,https://www.uniprot.org/uniprot/P01308.1,,half maximal inhibitory concentration (IC50),nM,HLA-A*02:01,,,,,,"['H', 'L', 'V', 'E', 'A', 'L', 'SCM_Y', 'L', 'V']"
209,42651,32571843,SLLMWITQC + AIB(C9),64,Positive-Intermediate,99,107,"CTAG2 protein, partial [Homo sapiens]",http://www.ncbi.nlm.nih.gov/protein/133777817,,half maximal inhibitory concentration (IC50),nM,HLA-A*02:01,,,,AIB_C = α-aminobutyric acid = CCC(C(=O)O)N,https://www.ncbi.nlm.nih.gov/pmc/articles/PMC7413297/,"['S', 'L', 'L', 'M', 'W', 'I', 'T', 'Q', 'AIB_C']"
210,42652,32571843,CISSCNPNL + AIB(C1),212,Positive-Intermediate,,,,,,half maximal inhibitory concentration (IC50),nM,HLA-A*02:01,,,,,,"['AIB_C', 'I', 'S', 'S', 'C', 'N', 'P', 'N', 'L']"
211,42658,32571843,CQWGRLWQL + AIB(C1),143,Positive-Intermediate,,,,,,half maximal inhibitory concentration (IC50),nM,HLA-A*02:01,,,,,,"['AIB_C', 'Q', 'W', 'G', 'R', 'L', 'W', 'Q', 'L']"
212,42659,32571843,ILCETCLIV + AIB(C3),63,Positive-Intermediate,,,,,,half maximal inhibitory concentration (IC50),nM,HLA-A*02:01,,,,,,"['I', 'L', 'AIB_C', 'E', 'T', 'C', 'L', 'I', 'V']"
213,42660,32571843,ILCETCLIV + AIB(C6),162,Positive-Intermediate,,,,,,half maximal inhibitory concentration (IC50),nM,HLA-A*02:01,,,,,,"['I', 'L', 'C', 'E', 'T', 'AIB_C', 'L', 'I', 'V']"
214,42662,32571843,ILCGTCLIV + AIB(C3),419,Positive-Intermediate,563,571,PH domain leucine-rich repeat-containing protein phosphatase 1,https://www.uniprot.org/uniprot/O60346.3,,half maximal inhibitory concentration (IC50),nM,HLA-A*02:01,,,,,,"['I', 'L', 'AIB_C', 'G', 'T', 'C', 'L', 'I', 'V']"
215,42668,32571843,HMTEVVRRC + AIB(C9),337,Positive-Intermediate,168,176,"p53 transformation suppressor, partial [Homo sapiens]",http://www.ncbi.nlm.nih.gov/protein/506433,,half maximal inhibitory concentration (IC50),nM,HLA-A*02:01,,,,,,"['H', 'M', 'T', 'E', 'V', 'V', 'R', 'R', 'AIB_C']"
216,100109,32571843,HMTEVVRHC + AIB(C9),318,Positive-Intermediate,,,,,,half maximal inhibitory concentration (IC50),nM,HLA-A*02:01,,,,,,"['H', 'M', 'T', 'E', 'V', 'V', 'R', 'H', 'AIB_C']"
217,19,19342659,VLRDDLCEA + SCM(C7),1171,Positive-Low,,,,,,half maximal inhibitory concentration (IC50),nM,HLA-A*02:01,,,,c7 = L (SCM_C = L),,"['V', 'L', 'R', 'D', 'D', 'L', 'SCM_C', 'E', 'A']"
218,7672,29562882,MALWMRLLP + CITR(R6),2117,Positive-Low,1,9,Insulin,https://www.uniprot.org/uniprot/P01308.1,,half maximal inhibitory concentration (IC50),nM,HLA-A*02:01,,,,,,"['M', 'A', 'L', 'W', 'M', 'CITR_R', 'L', 'L', 'P']"
219,7678,29562882,WMRLLPLLA + CITR(R3),1007,Positive-Low,4,12,Insulin,https://www.uniprot.org/uniprot/P01308.1,,half maximal inhibitory concentration (IC50),nM,HLA-A*02:01,,,,,,"['W', 'M', 'CITR_R', 'L', 'L', 'P', 'L', 'L', 'A']"
220,7680,29562882,MRLLPLLAL + CITR(R2),1863,Positive-Low,5,13,Insulin,https://www.uniprot.org/uniprot/P01308.1,,half maximal inhibitory concentration (IC50),nM,HLA-A*02:01,,,,,,"['M', 'CITR_R', 'L', 'L', 'P', 'L', 'L', 'A', 'L']"
221,7706,29562882,QHLCGSHLV + DEAM(Q1),7237,Positive-Low,28,36,Insulin,https://www.uniprot.org/uniprot/P01308.1,,half maximal inhibitory concentration (IC50),nM,HLA-A*02:01,,,,,,"['DEAM_Q', 'H', 'L', 'C', 'G', 'S', 'H', 'L', 'V']"
222,7719,29562882,HLCGSHLVEA + OX(C3),6210,Positive-Low,29,38,Insulin,https://www.uniprot.org/uniprot/P01308.1,,half maximal inhibitory concentration (IC50),nM,HLA-A*02:01,,,,,,"['H', 'L', 'OX_C', 'G', 'S', 'H', 'L', 'V', 'E', 'A']"
225,7722,29562882,LCGSHLVEA + OX(C2),14796,Positive-Low,30,38,Insulin,https://www.uniprot.org/uniprot/P01308.1,,half maximal inhibitory concentration (IC50),nM,HLA-A*02:01,,,,,,"['L', 'OX_C', 'G', 'S', 'H', 'L', 'V', 'E', 'A']"
227,7728,29562882,CGSHLVEALY + OX(C1),8043,Positive-Low,31,40,Insulin,https://www.uniprot.org/uniprot/P01308.1,,half maximal inhibitory concentration (IC50),nM,HLA-A*02:01,,,,,,"['OX_C', 'G', 'S', 'H', 'L', 'V', 'E', 'A', 'L', 'Y']"
228,7731,29562882,GSHLVEALY + SCM(Y9),30634,Positive-Low,32,40,Insulin,https://www.uniprot.org/uniprot/P01308.1,,half maximal inhibitory concentration (IC50),nM,HLA-A*02:01,,,,,,"['G', 'S', 'H', 'L', 'V', 'E', 'A', 'L', 'SCM_Y']"
229,7732,29562882,GSHLVEALYL + SCM(Y9),6837,Positive-Low,32,41,Insulin,https://www.uniprot.org/uniprot/P01308.1,,half maximal inhibitory concentration (IC50),nM,HLA-A*02:01,,,,,,"['G', 'S', 'H', 'L', 'V', 'E', 'A', 'L', 'SCM_Y', 'L']"
230,7734,29562882,SHLVEALYLV + SCM(Y8),1066,Positive-Low,33,42,Insulin,https://www.uniprot.org/uniprot/P01308.1,,half maximal inhibitory concentration (IC50),nM,HLA-A*02:01,,,,,,"['S', 'H', 'L', 'V', 'E', 'A', 'L', 'SCM_Y', 'L', 'V']"
231,7736,29562882,HLVEALYLVC + SCM(Y7),2132,Positive-Low,34,43,Insulin,https://www.uniprot.org/uniprot/P01308.1,,half maximal inhibitory concentration (IC50),nM,HLA-A*02:01,,,,,,"['H', 'L', 'V', 'E', 'A', 'L', 'SCM_Y', 'L', 'V', 'C']"
232,7737,29562882,LVEALYLVC + SCM(Y6),11768,Positive-Low,35,43,Insulin,https://www.uniprot.org/uniprot/P01308.1,,half maximal inhibitory concentration (IC50),nM,HLA-A*02:01,,,,,,"['L', 'V', 'E', 'A', 'L', 'SCM_Y', 'L', 'V', 'C']"
233,7738,29562882,LVEALYLVCG + SCM(Y6),15300,Positive-Low,35,44,Insulin,https://www.uniprot.org/uniprot/P01308.1,,half maximal inhibitory concentration (IC50),nM,HLA-A*02:01,,,,,,"['L', 'V', 'E', 'A', 'L', 'SCM_Y', 'L', 'V', 'C', 'G']"
234,7739,29562882,VEALYLVCG + SCM(Y5),18759,Positive-Low,36,44,Insulin,https://www.uniprot.org/uniprot/P01308.1,,half maximal inhibitory concentration (IC50),nM,HLA-A*02:01,,,,,,"['V', 'E', 'A', 'L', 'SCM_Y', 'L', 'V', 'C', 'G']"
235,7741,29562882,EALYLVCGE + SCM(Y4),13342,Positive-Low,37,45,Insulin,https://www.uniprot.org/uniprot/P01308.1,,half maximal inhibitory concentration (IC50),nM,HLA-A*02:01,,,,,,"['E', 'A', 'L', 'SCM_Y', 'L', 'V', 'C', 'G', 'E']"
236,7742,29562882,EALYLVCGER + CITR(R10),3100,Positive-Low,37,46,Insulin,https://www.uniprot.org/uniprot/P01308.1,,half maximal inhibitory concentration (IC50),nM,HLA-A*02:01,,,,,,"['E', 'A', 'L', 'Y', 'L', 'V', 'C', 'G', 'E', 'CITR_R']"
237,7743,29562882,EALYLVCGER + SCM(Y4),8562,Positive-Low,37,46,Insulin,https://www.uniprot.org/uniprot/P01308.1,,half maximal inhibitory concentration (IC50),nM,HLA-A*02:01,,,,,,"['E', 'A', 'L', 'SCM_Y', 'L', 'V', 'C', 'G', 'E', 'R']"
238,7744,29562882,ALYLVCGER + SCM(Y3),2988,Positive-Low,38,46,Insulin,https://www.uniprot.org/uniprot/P01308.1,,half maximal inhibitory concentration (IC50),nM,HLA-A*02:01,,,,,,"['A', 'L', 'SCM_Y', 'L', 'V', 'C', 'G', 'E', 'R']"
239,7745,29562882,ALYLVCGER + CITR(R9),1241,Positive-Low,38,46,Insulin,https://www.uniprot.org/uniprot/P01308.1,,half maximal inhibitory concentration (IC50),nM,HLA-A*02:01,,,,,,"['A', 'L', 'Y', 'L', 'V', 'C', 'G', 'E', 'CITR_R']"
240,7746,29562882,ALYLVCGERG + SCM(Y3),2734,Positive-Low,38,47,Insulin,https://www.uniprot.org/uniprot/P01308.1,,half maximal inhibitory concentration (IC50),nM,HLA-A*02:01,,,,,,"['A', 'L', 'SCM_Y', 'L', 'V', 'C', 'G', 'E', 'R', 'G']"
241,7747,29562882,ALYLVCGERG + CITR(R9),9076,Positive-Low,38,47,Insulin,https://www.uniprot.org/uniprot/P01308.1,,half maximal inhibitory concentration (IC50),nM,HLA-A*02:01,,,,,,"['A', 'L', 'Y', 'L', 'V', 'C', 'G', 'E', 'CITR_R', 'G']"
242,7748,29562882,LYLVCGERG + CITR(R8),12493,Positive-Low,39,47,Insulin,https://www.uniprot.org/uniprot/P01308.1,,half maximal inhibitory concentration (IC50),nM,HLA-A*02:01,,,,,,"['L', 'Y', 'L', 'V', 'C', 'G', 'E', 'CITR_R', 'G']"
243,7749,29562882,LYLVCGERG + SCM(Y2),19307,Positive-Low,39,47,Insulin,https://www.uniprot.org/uniprot/P01308.1,,half maximal inhibitory concentration (IC50),nM,HLA-A*02:01,,,,,,"['L', 'SCM_Y', 'L', 'V', 'C', 'G', 'E', 'R', 'G']"
244,7750,29562882,LYLVCGERGF + SCM(Y2),14255,Positive-Low,39,48,Insulin,https://www.uniprot.org/uniprot/P01308.1,,half maximal inhibitory concentration (IC50),nM,HLA-A*02:01,,,,,,"['L', 'SCM_Y', 'L', 'V', 'C', 'G', 'E', 'R', 'G', 'F']"
245,7751,29562882,LYLVCGERGF + CITR(R8),18784,Positive-Low,39,48,Insulin,https://www.uniprot.org/uniprot/P01308.1,,half maximal inhibitory concentration (IC50),nM,HLA-A*02:01,,,,,,"['L', 'Y', 'L', 'V', 'C', 'G', 'E', 'CITR_R', 'G', 'F']"
246,7754,29562882,YLVCGERGF + SCM(Y1),3163,Positive-Low,40,48,Insulin,https://www.uniprot.org/uniprot/P01308.1,,half maximal inhibitory concentration (IC50),nM,HLA-A*02:01,,,,,,"['SCM_Y', 'L', 'V', 'C', 'G', 'E', 'R', 'G', 'F']"
247,7755,29562882,"YLVCGERGF + OX(C4, F9)",3244,Positive-Low,40,48,Insulin,https://www.uniprot.org/uniprot/P01308.1,,half maximal inhibitory concentration (IC50),nM,HLA-A*02:01,,,,,,"['Y', 'L', 'V', 'OX_C', 'G', 'E', 'R', 'G', 'OX_F']"
248,7756,29562882,YLVCGERGF + CITR(R7),11365,Positive-Low,40,48,Insulin,https://www.uniprot.org/uniprot/P01308.1,,half maximal inhibitory concentration (IC50),nM,HLA-A*02:01,,,,,,"['Y', 'L', 'V', 'C', 'G', 'E', 'CITR_R', 'G', 'F']"
249,7757,29562882,YLVCGERGF + OX(F9),10814,Positive-Low,40,48,Insulin,https://www.uniprot.org/uniprot/P01308.1,,half maximal inhibitory concentration (IC50),nM,HLA-A*02:01,,,,,,"['Y', 'L', 'V', 'C', 'G', 'E', 'R', 'G', 'OX_F']"
250,7758,29562882,YLVCGERGFF + SCM(Y1),1690,Positive-Low,40,49,Insulin,https://www.uniprot.org/uniprot/P01308.1,,half maximal inhibitory concentration (IC50),nM,HLA-A*02:01,,,,,,"['SCM_Y', 'L', 'V', 'C', 'G', 'E', 'R', 'G', 'F', 'F']"
251,7759,29562882,YLVCGERGFF + CITR(R7),2617,Positive-Low,40,49,Insulin,https://www.uniprot.org/uniprot/P01308.1,,half maximal inhibitory concentration (IC50),nM,HLA-A*02:01,,,,,,"['Y', 'L', 'V', 'C', 'G', 'E', 'CITR_R', 'G', 'F', 'F']"
252,7760,29562882,YLVCGERGFF + OX(Y10),2009,Positive-Low,40,49,Insulin,https://www.uniprot.org/uniprot/P01308.1,,half maximal inhibitory concentration (IC50),nM,HLA-A*02:01,,,,,,"['Y', 'L', 'V', 'C', 'G', 'E', 'R', 'G', 'F', 'OX_Y']"
253,7761,29562882,"YLVCGERGFF + OX(C4, F9, F10)",2421,Positive-Low,40,49,Insulin,https://www.uniprot.org/uniprot/P01308.1,,half maximal inhibitory concentration (IC50),nM,HLA-A*02:01,,,,,,"['Y', 'L', 'V', 'OX_C', 'G', 'E', 'R', 'G', 'OX_F', 'OX_F']"
254,7765,29562882,LVCGERGFFY + SCM(Y10),27675,Positive-Low,41,50,Insulin,https://www.uniprot.org/uniprot/P01308.1,,half maximal inhibitory concentration (IC50),nM,HLA-A*02:01,,,,,,"['L', 'V', 'C', 'G', 'E', 'R', 'G', 'F', 'F', 'SCM_Y']"
255,7770,29562882,VCGERGFFY + CITR(R5),33476,Positive-Low,42,50,Insulin,https://www.uniprot.org/uniprot/P01308.1,,half maximal inhibitory concentration (IC50),nM,HLA-A*02:01,,,,,,"['V', 'C', 'G', 'E', 'CITR_R', 'G', 'F', 'F', 'Y']"
256,7779,29562882,CGERGFFYT + OX(F6),26255,Positive-Low,43,51,Insulin,https://www.uniprot.org/uniprot/P01308.1,,half maximal inhibitory concentration (IC50),nM,HLA-A*02:01,,,,,,"['C', 'G', 'E', 'R', 'G', 'OX_F', 'F', 'Y', 'T']"
257,7781,29562882,CGERGFFYTP + SCM(Y8),27807,Positive-Low,43,52,Insulin,https://www.uniprot.org/uniprot/P01308.1,,half maximal inhibitory concentration (IC50),nM,HLA-A*02:01,,,,,,"['C', 'G', 'E', 'R', 'G', 'F', 'F', 'SCM_Y', 'T', 'P']"
258,7797,29562882,"ERGFFYTPKT + OX(F4, F5)",5730,Positive-Low,45,54,Insulin,https://www.uniprot.org/uniprot/P01308.1,,half maximal inhibitory concentration (IC50),nM,HLA-A*02:01,,,,,,"['E', 'R', 'G', 'OX_F', 'OX_F', 'Y', 'T', 'P', 'K', 'T']"
259,7801,29562882,"RGFFYTPKT + OX(F3, F4)",8805,Positive-Low,46,54,Insulin,https://www.uniprot.org/uniprot/P01308.1,,half maximal inhibitory concentration (IC50),nM,HLA-A*02:01,,,,,,"['R', 'G', 'OX_F', 'OX_F', 'Y', 'T', 'P', 'K', 'T']"
260,7803,29562882,RGFFYTPKT + CITR(R1),27300,Positive-Low,46,54,Insulin,https://www.uniprot.org/uniprot/P01308.1,,half maximal inhibitory concentration (IC50),nM,HLA-A*02:01,,,,,,"['CITR_R', 'G', 'F', 'F', 'Y', 'T', 'P', 'K', 'T']"
261,7809,29562882,FFYTPKTRRE + CITR(R8),28285,Positive-Low,48,57,Insulin,https://www.uniprot.org/uniprot/P01308.1,,half maximal inhibitory concentration (IC50),nM,HLA-A*02:01,,,,,,"['F', 'F', 'Y', 'T', 'P', 'K', 'T', 'CITR_R', 'R', 'E']"
262,7819,29562882,KTRREAEDLQ + CITR(R3),22304,Positive-Low,53,62,Insulin,https://www.uniprot.org/uniprot/P01308.1,,half maximal inhibitory concentration (IC50),nM,HLA-A*02:01,,,,,,"['K', 'T', 'CITR_R', 'R', 'E', 'A', 'E', 'D', 'L', 'Q']"
263,7821,29562882,TRREAEDLQV + CITR(R2),30243,Positive-Low,54,63,Insulin,https://www.uniprot.org/uniprot/P01308.1,,half maximal inhibitory concentration (IC50),nM,HLA-A*02:01,,,,,,"['T', 'CITR_R', 'R', 'E', 'A', 'E', 'D', 'L', 'Q', 'V']"
264,7826,29562882,LALEGSLQKR + CITR(R10),16354,Positive-Low,80,89,Insulin,https://www.uniprot.org/uniprot/P01308.1,,half maximal inhibitory concentration (IC50),nM,HLA-A*02:01,,,,,,"['L', 'A', 'L', 'E', 'G', 'S', 'L', 'Q', 'K', 'CITR_R']"
265,42653,32571843,CISSCNPNL + AIB(C5),845,Positive-Low,,,,,,half maximal inhibitory concentration (IC50),nM,HLA-A*02:01,,,,,,"['C', 'I', 'S', 'S', 'AIB_C', 'N', 'P', 'N', 'L']"
266,42654,32571843,"CISSCNPNL + AIB(C1, C5)",575,Positive-Low,,,,,,half maximal inhibitory concentration (IC50),nM,HLA-A*02:01,,,,,,"['AIB_C', 'I', 'S', 'S', 'AIB_C', 'N', 'P', 'N', 'L']"
267,42657,32571843,"CISSCNPNP + AIB(C1, C5)",13800,Positive-Low,1674,1682,transcription factor HIVEP2 [Homo sapiens],http://www.ncbi.nlm.nih.gov/protein/110347463,,half maximal inhibitory concentration (IC50),nM,HLA-A*02:01,,,,,,"['AIB_C', 'I', 'S', 'S', 'AIB_C', 'N', 'P', 'N', 'P']"
268,42663,32571843,ILCGTCLIV + AIB(C6),1395,Positive-Low,563,571,PH domain leucine-rich repeat-containing protein phosphatase 1,https://www.uniprot.org/uniprot/O60346.3,,half maximal inhibitory concentration (IC50),nM,HLA-A*02:01,,,,,,"['I', 'L', 'C', 'G', 'T', 'AIB_C', 'L', 'I', 'V']"
269,42664,32571843,"ILCGTCLIV + AIB(C3, C6)",1103,Positive-Low,563,571,PH domain leucine-rich repeat-containing protein phosphatase 1,https://www.uniprot.org/uniprot/O60346.3,,half maximal inhibitory concentration (IC50),nM,HLA-A*02:01,,,,,,"['I', 'L', 'AIB_C', 'G', 'T', 'AIB_C', 'L', 'I', 'V']"
270,42665,32571843,SCSRAVPQV + AIB(C2),1251,Positive-Low,,,,,,half maximal inhibitory concentration (IC50),nM,HLA-A*02:01,,,,,,"['S', 'AIB_C', 'S', 'R', 'A', 'V', 'P', 'Q', 'V']"
271,42666,32571843,SCSRAIPQV + AIB(C2),1120,Positive-Low,122,130,cytoplasmic FMR1-interacting protein 1 isoform c [Homo sapiens],http://www.ncbi.nlm.nih.gov/protein/1022943302,,half maximal inhibitory concentration (IC50),nM,HLA-A*02:01,,,,,,"['S', 'AIB_C', 'S', 'R', 'A', 'I', 'P', 'Q', 'V']"
272,42667,32571843,ACDPHSGHFV + AIB(C2),2272,Positive-Low,23,32,orf [Homo sapiens],http://www.ncbi.nlm.nih.gov/protein/763124,,half maximal inhibitory concentration (IC50),nM,HLA-A*02:01,,,,,,"['A', 'AIB_C', 'D', 'P', 'H', 'S', 'G', 'H', 'F', 'V']"
273,42669,32571843,RLPRIFCSC + AIB(C7),508,Positive-Low,639,647,melanocyte protein PMEL isoform 3 preproprotein [Homo sapiens],http://www.ncbi.nlm.nih.gov/protein/5902084,,half maximal inhibitory concentration (IC50),nM,HLA-A*02:01,,,,,,"['R', 'L', 'P', 'R', 'I', 'F', 'AIB_C', 'S', 'C']"
